id,start,stop,strand,ID,partial,start_type,rbs_motif,rbs_spacer,gc_content,seq,contig_id,stop_codon,start_codon,length,code_name,species,label,feature,locus_tag,ref_feature,ref_contig_id,ref_strand,ref_start,ref_stop,ref_partial,ref_product,ref_frameshifted,ref_incomplete,ref_internal_stop,ref_protein_id,ref_seq,ref_pseudo,ref_stop_codon,ref_start_codon,ref_length,ref_locus_tag,source,model_3c_aa_1mer_prediction,model_2c_aa_1mer_prediction,model_3c_len_prediction,model_2c_len_prediction,model_3c_plm_pt5_prediction,model_2c_plm_pt5_prediction,model_3c_plm_esm_gap_prediction,model_2c_plm_esm_gap_prediction,model_3c_plm_esm_cls_prediction,model_2c_plm_esm_cls_prediction
NZ_LN831024.1_672,722520,722831,1,1_672,00,ATG,GGA/GAG/AGG,5-10bp,0.522,MQNQQIRIRLKAFDHRLIDQSTQEIVETAKRTGAQVRGPIPLPTRKERFTVLISPHVNKDARDQYEIRTHKRVLDIVQPTDKTVDALMKLDLAAGVEVQISLG,NZ_LN831024,TAA,ATG,103,paer,Pseudomonas aeruginosa,cds,CDS,AT700_RS03390,CDS,NZ_LN831024,1.0,722520.0,722831.0,00,30S ribosomal protein S10,False,False,False,WP_003103876.1,MQNQQIRIRLKAFDHRLIDQSTQEIVETAKRTGAQVRGPIPLPTRKERFTVLISPHVNKDARDQYEIRTHKRVLDIVQPTDKTVDALMKLDLAAGVEVQISLG,False,TAA,ATG,103.0,AT700_RS03390,prodigal,,,,,,,,,,
NZ_LN831024.1_1185,1277220,1277498,1,1_1185,00,ATG,GGA/GAG/AGG,5-10bp,0.706,MAGDADSNSSPDLLPEVRRVSPGDTLRLCTCGASASLPDCPADCRNGLTLHATRERLLLLCRCGRSADLPYCDGSHAPSASGLKARWRRFRG,NZ_LN831024,TGA,ATG,92,paer,Pseudomonas aeruginosa,cds,CDS,AT700_RS29190,CDS,NZ_LN831024,1.0,1277220.0,1277498.0,00,CDGSH iron-sulfur domain-containing protein,False,False,False,WP_003113822.1,MAGDADSNSSPDLLPEVRRVSPGDTLRLCTCGASASLPDCPADCRNGLTLHATRERLLLLCRCGRSADLPYCDGSHAPSASGLKARWRRFRG,False,TGA,ATG,92.0,AT700_RS29190,prodigal,,,,,,,,,,
NZ_LN831024.1_1317,1425205,1425453,-1,1_1317,00,ATG,GGA/GAG/AGG,5-10bp,0.631,MSQTDKPTLSLDLRGEHCPYNAIATLETLATMQPGERLEVVTDCSQSVHGIPEDTQRQGYKCLAVEQHGALFRFLIEVPLES,NZ_LN831024,TGA,ATG,82,paer,Pseudomonas aeruginosa,cds,CDS,AT700_RS06600,CDS,NZ_LN831024,-1.0,1425205.0,1425453.0,00,sulfurtransferase-like selenium metabolismprotein YedF,False,False,False,WP_003092358.1,MSQTDKPTLSLDLRGEHCPYNAIATLETLATMQPGERLEVVTDCSQSVHGIPEDTQRQGYKCLAVEQHGALFRFLIEVPLES,False,TGA,ATG,82.0,AT700_RS06600,prodigal,,,,,,,,,,
NZ_LN831024.1_2441,2612762,2612953,-1,1_2441,00,ATG,GGA/GAG/AGG,5-10bp,0.688,MPNTLWIERLDTHAEPFWRVRLGTRGICFRNERAAREFAALLHSRRAWQLERNAEEKGAESPE,NZ_LN831024,TGA,ATG,63,paer,Pseudomonas aeruginosa,cds,CDS,AT700_RS12250,CDS,NZ_LN831024,-1.0,2612762.0,2612953.0,00,hypothetical protein,False,False,False,WP_003160407.1,MPNTLWIERLDTHAEPFWRVRLGTRGICFRNERAAREFAALLHSRRAWQLERNAEEKGAESPE,False,TGA,ATG,63.0,AT700_RS12250,prodigal,,,,,,,,,,
NZ_LN831024.1_3316,3647603,3647806,-1,1_3316,00,ATG,GGAGG,5-10bp,0.672,MMTALETRLSVADGTHAAALRQRLQAALAECRRELARGACPEHFQFLQQQARALEGGLGILSQLTED,NZ_LN831024,TAA,ATG,67,paer,Pseudomonas aeruginosa,cds,CDS,AT700_RS16595,CDS,NZ_LN831024,-1.0,3647603.0,3647806.0,00,YscE family type III secretion systemco-chaperone PscE,False,False,False,WP_003115377.1,MMTALETRLSVADGTHAAALRQRLQAALAECRRELARGACPEHFQFLQQQARALEGGLGILSQLTED,False,TAA,ATG,67.0,AT700_RS16595,prodigal,,,,,,,,,,
NZ_CP033092.2_335,371605,372009,1,1_335,00,ATG,GGAG/GAGG,5-10bp,0.526,MRVKRWLLAGIALCLLTGMRDPFKPPEDLCRISELSQWRYQGMVGRGERIIGVIKDGQKKWRRVQQNDVLENGWTILQLTPDALTLGTGTNCEPPHWLWQRQGDTNEAMDSRTTVDAYTRRTGGKAAKSDADGG,NZ_CP033092,TGA,ATG,134,ecol,Escherichia coli,cds,CDS,EAS44_RS02505,CDS,NZ_CP033092,1.0,371605.0,372009.0,00,DNA utilization protein HofP,False,False,False,WP_001264138.1,MRVKRWLLAGIALCLLTGMRDPFKPPEDLCRISELSQWRYQGMVGRGERIIGVIKDGQKKWRRVQQNDVLENGWTILQLTPDALTLGTGTNCEPPHWLWQRQGDTNEAMDSRTTVDAYTRRTGGKAAKSDADGG,False,TGA,ATG,134.0,EAS44_RS02505,prodigal,,,,,,,,,,
NZ_CP033092.2_567,589510,589905,-1,1_567,00,ATG,AGGA,5-10bp,0.548,MATVPTRSGSPRQLTTKQTGDAWEAQARRWLEGKGLRFIAANVNERGGEIDLIMREGRTTVFIEVRYRRSALYGGAAASVTRSKQHKLLQTARLWLARHNGSFDTVDCRFDVVAFTGNEVEWIKDAFNDHS,NZ_CP033092,TAA,ATG,131,ecol,Escherichia coli,cds,CDS,EAS44_RS03705,CDS,NZ_CP033092,-1.0,589510.0,589905.0,00,YraN family protein,False,False,False,WP_000246833.1,MATVPTRSGSPRQLTTKQTGDAWEAQARRWLEGKGLRFIAANVNERGGEIDLIMREGRTTVFIEVRYRRSALYGGAAASVTRSKQHKLLQTARLWLARHNGSFDTVDCRFDVVAFTGNEVEWIKDAFNDHS,False,TAA,ATG,131.0,EAS44_RS03705,prodigal,,,,,,,,,,
NZ_CP033092.2_1149,1220493,1220699,-1,1_1149,00,ATG,GGAG/GAGG,5-10bp,0.454,MLNLDCVPISTYCKETGETPEAINKRVQRGVWREGVQVLKVEGVKERWIDLSEVAKWARQNCSNYRAA,NZ_CP033092,TAA,ATG,68,ecol,Escherichia coli,cds,CDS,EAS44_RS06760,CDS,NZ_CP033092,-1.0,1220493.0,1220699.0,00,hypothetical protein,False,False,False,WP_001331174.1,MLNLDCVPISTYCKETGETPEAINKRVQRGVWREGVQVLKVEGVKERWIDLSEVAKWARQNCSNYRAA,False,TAA,ATG,68.0,EAS44_RS06760,prodigal,,,,,,,,,,
NZ_CP033092.2_1777,1872746,1872904,1,1_1777,00,ATG,GGA/GAG/AGG,5-10bp,0.572,MPGSDPQTNGDLSADIRQLENALARCASQVKMIKHCQDENDAQTRQPAQGAD,NZ_CP033092,TGA,ATG,52,ecol,Escherichia coli,cds,CDS,EAS44_RS25355,CDS,NZ_CP033092,1.0,1872641.0,1872904.0,00,Rz1-like lysis system protein LysC,False,False,False,WP_223155667.1,MALTCLMLCAGCTSVRPALTPVIVANACPKVSLCPMPGSDPQTNGDLSADIRQLENALARCASQVKMIKHCQDENDAQTRQPAQGAD,False,TGA,ATG,87.0,EAS44_RS25355,prodigal,,,,,,,,,,
NZ_CP033092.2_2505,2662898,2662993,-1,1_2505,00,ATG,GGA/GAG/AGG,5-10bp,0.438,MINTNMKYWSWMGAFSLSMFFWAELLWIITH,NZ_CP033092,TGA,ATG,31,ecol,Escherichia coli,cds,CDS,EAS44_RS13940,CDS,NZ_CP033092,-1.0,2662898.0,2662993.0,00,small membrane protein YmiC,False,False,False,WP_001514266.1,MINTNMKYWSWMGAFSLSMFFWAELLWIITH,False,TGA,ATG,31.0,EAS44_RS13940,prodigal,,,,,,,,,,
NZ_CP033091.2_91,93347,93580,-1,2_91,00,ATG,GGAG/GAGG,5-10bp,0.517,MSEYFRILQGLPDGPFTRKHAEAVAAQYRNVFIEDDHGEQFRLVVRNNGAMVWRTWNFEDGAGYWMNHAIRDFGILK,NZ_CP033091,TAA,ATG,77,ecol,Escherichia coli,cds,CDS,EAS44_RS00555,CDS,NZ_CP033091,-1.0,93347.0,93580.0,00,DUF905 family protein,False,False,False,WP_000005988.1,MSEYFRILQGLPDGPFTRKHAEAVAAQYRNVFIEDDHGEQFRLVVRNNGAMVWRTWNFEDGAGYWMNHAIRDFGILK,False,TAA,ATG,77.0,EAS44_RS00555,prodigal,,,,,,,,,,
NC_000962.3_2221,2387202,2387972,-1,1_2221,00,TTG,None,None,0.777,MIGDGANGGPGQPGGPGGLLYGNGGHGGAGAAGQDRGAGNSAGLIGNGGAGGAGGNGGIGGAGAPGGLGGDGGKGGFADEFTGGFAQGGRGGFGGNGNTGASGGMGGAGGAGGAGGAGGLLIGDGGAGGAGGIGGAGGVGGGGGAGGTGGGGVASAFGGGNAFGGRGGDGGDGGDGGTGGAGGARGAGGAGGAGGWLSGHSGAHGAMGSGGEGGAGGGGGARGEAGAGGGTSTGTNPGKAGAPGTQGDSGDPGPPG,NC_000962,TGA,TTG,256,mtub,Mycobacterium tuberculosis,cds,CDS,Rv2126c,CDS,NC_000962,-1.0,2387202.0,2387972.0,00,PE-PGRS family protein PE_PGRS37,,,,YP_177862.1,MIGDGANGGPGQPGGPGGLLYGNGGHGGAGAAGQDRGAGNSAGLIGNGGAGGAGGNGGIGGAGAPGGLGGDGGKGGFADEFTGGFAQGGRGGFGGNGNTGASGGMGGAGGAGGAGGAGGLLIGDGGAGGAGGIGGAGGVGGGGGAGGTGGGGVASAFGGGNAFGGRGGDGGDGGDGGTGGAGGARGAGGAGGAGGWLSGHSGAHGAMGSGGEGGAGGGGGARGEAGAGGGTSTGTNPGKAGAPGTQGDSGDPGPPG,False,TGA,TTG,256.0,Rv2126c,prodigal,,,,,,,,,,
NC_000962.3_2385,2555941,2556135,1,1_2385,00,ATG,None,None,0.667,MLEKCPHASVDCGASKIGITDNDPATATNRRLASTIRKPPIEHAAGPLGSTSRAGHRSYGGVAS,NC_000962,TAA,ATG,64,mtub,Mycobacterium tuberculosis,cds,CDS,Rv2283,CDS,NC_000962,1.0,2555941.0,2556135.0,00,hypothetical protein,,,,NP_216799.1,MLEKCPHASVDCGASKIGITDNDPATATNRRLASTIRKPPIEHAAGPLGSTSRAGHRSYGGVAS,False,TAA,ATG,64.0,Rv2283,prodigal,,,,,,,,,,
NC_000962.3_2439,2604950,2605078,1,1_2439,00,ATG,None,None,0.636,MAKGVDRALCEIVAERRQLDLDLAKAQVRSALANQRYHRDVH,NC_000962,TAA,ATG,42,mtub,Mycobacterium tuberculosis,cds,CDS,Rv2331A,CDS,NC_000962,1.0,2604740.0,2605078.0,00,hypothetical protein,,,,YP_177669.1,MKGHLATFGHPALPTYRGSWLSREPGSPYRLPAGAGRDRGDACRRIPRRTGSGTLLRPGQRCTFAANADPMAKGVDRALCEIVAERRQLDLDLAKAQVRSALANQRYHRDVH,False,TAA,ATG,112.0,Rv2331A,prodigal,,,,,,,,,,
NC_000962.3_3802,4094923,4095300,-1,1_3802,00,GTG,None,None,0.69,MEAALAIATLVLVLVLCLAGVTAVSMQVRCIDAAREAARLAARGDVRSATDVARSIAPRAALVQVHRDGEFVVATVTAHSNLLPTLDIAARAISVAEPGSTAARPPCLPSRWSRCCCASPVRVHI,NC_000962,TAG,GTG,125,mtub,Mycobacterium tuberculosis,cds,CDS,Rv3655c,CDS,NC_000962,-1.0,4094923.0,4095300.0,00,hypothetical protein,,,,NP_218172.1,MEAALAIATLVLVLVLCLAGVTAVSMQVRCIDAAREAARLAARGDVRSATDVARSIAPRAALVQVHRDGEFVVATVTAHSNLLPTLDIAARAISVAEPGSTAARPPCLPSRWSRCCCASPVRVHI,False,TAG,GTG,125.0,Rv3655c,prodigal,,,,,,,,,,
NC_000964.3_82,87401,87610,1,1_82,00,ATG,AGxAGG/AGGxGG,5-10bp,0.429,MEAEIWGRRIRAFRKLKGYTQEGFAKALGISVSILGEIERGNRLPSAAIIQDAADVLNISADELAPPEK,NC_000964,TAG,ATG,69,bsub,Bacillus subtilis,cds,CDS,BSU_00800,CDS,NC_000964,1.0,87401.0,87610.0,00,putative transcriptional regulator,False,False,False,NP_387961.1,MEAEIWGRRIRAFRKLKGYTQEGFAKALGISVSILGEIERGNRLPSAAIIQDAADVLNISADELAPPEK,False,TAG,ATG,69.0,BSU_00800,prodigal,,,,,,,,,,
NC_000964.3_516,548438,548557,1,1_516,00,ATG,GGAG/GAGG,5-10bp,0.358,MKISRILLAAVILSSVFSITYLQSDHNTEIKVAADRVGA,NC_000964,TAG,ATG,39,bsub,Bacillus subtilis,cds,CDS,BSU_05020,CDS,NC_000964,1.0,548438.0,548557.0,00,ICEBs1 mobile element: secreted regulator of theactivity of phosphatase RapI,False,False,False,NP_388383.1,MKISRILLAAVILSSVFSITYLQSDHNTEIKVAADRVGA,False,TAG,ATG,39.0,BSU_05020,prodigal,,,,,,,,,,
NC_000964.3_1401,1428275,1428982,1,1_1401,00,ATG,GGA/GAG/AGG,5-10bp,0.421,MTTRKPFIICDFDGTITMNDNIINIMKTFAPPEWMALKDGVLSKTLSIKEGVGRMFGLLPSSLKEEITSFVLEDAKIREGFREFVAFINEHEIPFYVISGGMDFFVYPLLEGIVEKDRIYCNHASFDNDYIHIDWPHSCKGTCSNQCGCCKPSVIHELSEPNQYIIMIGDSVTDVEAAKLSDLCFARDYLLNECREQNLNHLPYQDFYEIRKEIENVKEVQEWLQNKNAGESSLK,NC_000964,TAA,ATG,235,bsub,Bacillus subtilis,cds,CDS,BSU_13600,CDS,NC_000964,1.0,1428275.0,1428982.0,00,2-hydroxy-3-keto-5-methylthiopentenyl-1-phosphatephosphatase (HK-MTPenyl-1-P phosphatase),False,False,False,NP_389243.1,MTTRKPFIICDFDGTITMNDNIINIMKTFAPPEWMALKDGVLSKTLSIKEGVGRMFGLLPSSLKEEITSFVLEDAKIREGFREFVAFINEHEIPFYVISGGMDFFVYPLLEGIVEKDRIYCNHASFDNDYIHIDWPHSCKGTCSNQCGCCKPSVIHELSEPNQYIIMIGDSVTDVEAAKLSDLCFARDYLLNECREQNLNHLPYQDFYEIRKEIENVKEVQEWLQNKNAGESSLK,False,TAA,ATG,235.0,BSU_13600,prodigal,,,,,,,,,,
NC_000964.3_2383,2406293,2406895,-1,1_2383,00,ATG,None,None,0.411,MTDHDMLKQLYLTQLLIIFAAAAAGLFFFEDVRDVLKLWDIRDMRIIWYGVSIAVIVILADMAVMKWFPSHLYDDGGINKKIFSKRSIPHIIFLTLLIAFAEEMLFRGVLQTHIGLWTASLIFAALHFRYLSKWLLFIMVTAISFLLGLMYEWTGNLFVPMTAHFIIDAVFACQIRFEHVRRDKHDEHVESREKKSPESL,NC_000964,TGA,ATG,200,bsub,Bacillus subtilis,cds,CDS,BSU_23010,CDS,NC_000964,-1.0,2406293.0,2406862.0,00,conserved membrane protein of unknown function,False,False,False,NP_390182.1,MTQLLIIFAAAAAGLFFFEDVRDVLKLWDIRDMRIIWYGVSIAVIVILADMAVMKWFPSHLYDDGGINKKIFSKRSIPHIIFLTLLIAFAEEMLFRGVLQTHIGLWTASLIFAALHFRYLSKWLLFIMVTAISFLLGLMYEWTGNLFVPMTAHFIIDAVFACQIRFEHVRRDKHDEHVESREKKSPESL,False,TGA,TTG,189.0,BSU_23010,prodigal,,,,,,,,,,
NC_000964.3_2717,2694420,2695121,-1,1_2717,00,TTG,AGxAGG/AGGxGG,5-10bp,0.416,MDIKAMGYVVIPRLPFKEFRDEKIYDHLFKRAEYRPNQELELGQTIIKVVELAKDFNWSAAQIKYSLDRMEKQGYIKLHRLPQKRGLIVTILHYADYIQLGNYMKNKALEPAQIEHQEVDDKMKNAFELYENKVARSVGPMEAQRIGYMVDDYGEEKVMEAIKTAFQLKGKAASLSYVQAILSNPFTQKRKEKQYGYKQSSQYRHRISNDHAGTSGKVSPLFGNKTGRIRRKG,NC_000964,TGA,TTG,233,bsub,Bacillus subtilis,cds,CDS,BSU_26270,CDS,NC_000964,-1.0,2694420.0,2695097.0,00,putative DNA-binding protein; skin element,False,False,False,NP_390504.2,MVIPRLPFKEFRDEKIYDHLFKRAEYRPNQELELGQTIIKVVELAKDFNWSAAQIKYSLDRMEKQGYIKLHRLPQKRGLIVTILHYADYIQLGNYMKNKALEPAQIEHQEVDDKMKNAFELYENKVARSVGPMEAQRIGYMVDDYGEEKVMEAIKTAFQLKGKAASLSYVQAILSNPFTQKRKEKQYGYKQSSQYRHRISNDHAGTSGKVSPLFGNKTGRIRRKG,False,TGA,GTG,225.0,BSU_26270,prodigal,,,,,,,,,,
NC_000964.3_2721,2697249,2697422,-1,1_2721,00,ATG,AGxAGG/AGGxGG,5-10bp,0.397,MMVHFVHKPATALEVRKWCVMIRNNSEFHLLWDRRADKFREENKNGRKSNGHKQLAR,NC_000964,TAA,ATG,57,bsub,Bacillus subtilis,cds,CDS,BSU_26305,CDS,NC_000964,-1.0,2697249.0,2697422.0,00,hypothetical protein; skin element,False,False,False,YP_009513981.1,MMVHFVHKPATALEVRKWCVMIRNNSEFHLLWDRRADKFREENKNGRKSNGHKQLAR,False,TAA,ATG,57.0,BSU_26305,prodigal,,,,,,,,,,
NC_000964.3_2757,2726885,2727202,-1,1_2757,00,ATG,AGGA,5-10bp,0.396,MRLYTEYIPNKNKLINQQQYHSDLQDLLHQWILQLLQLDVLPLSNRKYQSSRCHPKSVGEYLIVVRAIDALGNSQPLTSRRNQVSRAMTFVQNSLNEENLHPNID,NC_000964,TAG,ATG,105,bsub,Bacillus subtilis,cds,CDS,BSU_26680,CDS,NC_000964,-1.0,2726885.0,2727202.0,00,hypothetical protein,False,False,False,NP_390545.3,MRLYTEYIPNKNKLINQQQYHSDLQDLLHQWILQLLQLDVLPLSNRKYQSSRCHPKSVGEYLIVVRAIDALGNSQPLTSRRNQVSRAMTFVQNSLNEENLHPNID,False,TAG,ATG,105.0,BSU_26680,prodigal,,,,,,,,,,
NC_000964.3_2968,2936269,2936439,-1,1_2968,00,ATG,GGxGG,5-10bp,0.421,MGADVERSELKDGSIYTGLEGLLKMLRGVGNESINEISYSIRIGQQAGYSFFTGIF,NC_000964,TAG,ATG,56,bsub,Bacillus subtilis,cds,CDS,BSU_28709,CDS,NC_000964,-1.0,2936269.0,2936439.0,00,hypothetical protein,False,False,False,YP_009513996.1,MGADVERSELKDGSIYTGLEGLLKMLRGVGNESINEISYSIRIGQQAGYSFFTGIF,False,TAG,ATG,56.0,BSU_28709,prodigal,,,,,,,,,,
NZ_JADCNP010000021.1_42,47885,48115,-1,103_42,00,ATG,AGGA/GGAG/GAGG,11-12bp,0.416,MVKVLASGTITAHGKTLNLIQTQTFPKWLAIEYPDLEQDYSRIAVSLGGARKNILQASGPASITCDPVGNYELAPN,NZ_JADCNP010000021,TGA,ATG,76,afis,Aliivibrio fischeri,cds,CDS,IM820_RS11340,CDS,NZ_JADCNP010000021,-1.0,47885.0,48115.0,00,hypothetical protein,False,False,False,WP_054775715.1,MVKVLASGTITAHGKTLNLIQTQTFPKWLAIEYPDLEQDYSRIAVSLGGARKNILQASGPASITCDPVGNYELAPN,False,TGA,ATG,76.0,IM820_RS11340,prodigal,,,,,,,,,,
NZ_JADCNP010000022.1_29,24458,25027,1,104_29,00,ATG,AGGAGG,5-10bp,0.382,MQRYFPLINAVWFQLAWLAAIIYKQQAIPFLLLSVLIHLWVSPSRKQDAMMITVIGIIGVISDSFLSLIDIFSFANNAIIPIWLIMVWAHFSIALNHSLKWLSRFHIVAISLFGAIAGPLNYLAGQRLGGVEFVYSLNITLFAVAVIWAVNLPVFIIIQKRINQRIQERGSSHVEANQHAHSSGAVNNK,NZ_JADCNP010000022,TAG,ATG,189,afis,Aliivibrio fischeri,cds,CDS,IM820_RS11535,CDS,NZ_JADCNP010000022,1.0,24458.0,25027.0,00,DUF2878 domain-containing protein,False,False,False,WP_012535183.1,MQRYFPLINAVWFQLAWLAAIIYKQQAIPFLLLSVLIHLWVSPSRKQDAMMITVIGIIGVISDSFLSLIDIFSFANNAIIPIWLIMVWAHFSIALNHSLKWLSRFHIVAISLFGAIAGPLNYLAGQRLGGVEFVYSLNITLFAVAVIWAVNLPVFIIIQKRINQRIQERGSSHVEANQHAHSSGAVNNK,False,TAG,ATG,189.0,IM820_RS11535,prodigal,,,,,,,,,,
NZ_JADCNP010000002.1_185,200993,201688,1,112_185,00,ATG,GGAGG,5-10bp,0.341,MSRQRLKLLLINSKKNVPEILSKLRQQSDEQHDFTFHSVSLSESDALYATYSEKVEFSDEAYDQFGNVIDEISYVTYRNISFHVEVLDTNKLLMVIYNSPKSIRTFLDCFSRLFDFQVGFSNPELNLKLFKSVLESDLSAKLEGTGKVKVSRVVIDKAAKATIEITSIKDAFKSLEKLIEGKVYKLDKLSSSIYVDGQTVDFELSKTCSLTVRDRSLSYILPSIKNTLINQ,NZ_JADCNP010000002,TAA,ATG,231,afis,Aliivibrio fischeri,cds,CDS,IM820_RS02200,CDS,NZ_JADCNP010000002,1.0,200993.0,201688.0,00,hypothetical protein,False,False,False,WP_155661642.1,MSRQRLKLLLINSKKNVPEILSKLRQQSDEQHDFTFHSVSLSESDALYATYSEKVEFSDEAYDQFGNVIDEISYVTYRNISFHVEVLDTNKLLMVIYNSPKSIRTFLDCFSRLFDFQVGFSNPELNLKLFKSVLESDLSAKLEGTGKVKVSRVVIDKAAKATIEITSIKDAFKSLEKLIEGKVYKLDKLSSSIYVDGQTVDFELSKTCSLTVRDRSLSYILPSIKNTLINQ,False,TAA,ATG,231.0,IM820_RS02200,prodigal,,,,,,,,,,
NZ_LN831024.1_1248,1349089,1349163,1,1_1248,00,ATG,GGA/GAG/AGG,5-10bp,0.533,MEINPILNSIKDLSERTQTIRGYL,NZ_LN831024,TGA,ATG,24,paer,Pseudomonas aeruginosa,cds,CDS,AT700_RS06255,CDS,NZ_LN831024,1.0,1349089.0,1349160.0,00,peptide chain release factor 2,False,False,False,WP_010895661.1,MEINPILNSIKDLSERTQTIRGYLDYDQKHDRLVEVNRELEDPNVWNNPEYAQNLGRERAQLAQVVETLDDLTSGLADSRDLLDMAVEEDDEGAVDDVANEVERLREILEKLEFRRMFSGEMDPNNAYLDIQAGSGGTEAQDWANMLLRMYLRWADKHGFDATIIELSEGEVAGIKGATVHIKGEYAFGWLRTEIGVHRLVRKSPFDSGNRRHTSFTAVFVSPEIDDNIEIEINPADLRIDTYRSSGAGGQHVNTTDSAVRITHVPTNTVVACQNERSQHANKDTAMKMLRAKLYELEMQKRTAASQALEDSKSDIGWGHQIRSYVLDQSRIKDLRTGIERSDCDKVLDGDLDEYLEASLKQGL,False,none,ATG,23.0,AT700_RS06255,pyrodigal,0.0,0.0,1.0,1.0,1.0,1.0,1.0,1.0,1.0,1.0
NZ_CP033092.2_1346,1419986,1420045,1,1_1346,00,ATG,GGAG/GAGG,5-10bp,0.383,MIERELGNWKDFIEVMLRK,NZ_CP033092,TAA,ATG,19,ecol,Escherichia coli,cds,CDS,EAS44_RS07775,CDS,NZ_CP033092,1.0,1419986.0,1420045.0,00,protein YpfM,False,False,False,WP_001386977.1,MIERELGNWKDFIEVMLRK,False,TAA,ATG,19.0,EAS44_RS07775,pyrodigal,2.0,1.0,1.0,1.0,1.0,1.0,1.0,1.0,1.0,1.0
NZ_CP033092.2_1704,1792591,1792674,-1,1_1704,00,ATG,AGGA,5-10bp,0.357,MKIILWAVLIIFLIGLLVVTGVFKMIF,NZ_CP033092,TAA,ATG,27,ecol,Escherichia coli,cds,CDS,EAS44_RS25865,CDS,NZ_CP033092,-1.0,1792591.0,1792674.0,00,small membrane protein YohP,False,False,False,WP_000691708.1,MKIILWAVLIIFLIGLLVVTGVFKMIF,False,TAA,ATG,27.0,EAS44_RS25865,pyrodigal,0.0,0.0,1.0,1.0,1.0,0.0,1.0,0.0,1.0,0.0
NZ_CP033092.2_2003,2115488,2115574,1,1_2003,00,ATG,GGAG/GAGG,5-10bp,0.402,MKLRKILKSMFNNYCKTFKDVPPGNMFR,NZ_CP033092,TAA,ATG,28,ecol,Escherichia coli,cds,CDS,EAS44_RS11230,CDS,NZ_CP033092,1.0,2115488.0,2115574.0,00,stress response protein AzuC,False,False,False,WP_010723106.1,MKLRKILKSMFNNYCKTFKDVPPGNMFR,False,TAA,ATG,28.0,EAS44_RS11230,pyrodigal,1.0,1.0,1.0,1.0,1.0,1.0,1.0,1.0,1.0,1.0
NZ_CP033092.2_2089,2198733,2198942,1,1_2089,00,ATG,GGAG/GAGG,5-10bp,0.457,MFNSCLTTMEYRAVARSMDRHRRHFSIRPFNACLSGTLCRTFRLHFVVTPALFLASNSYSLSRSLSWNS,NZ_CP033092,TAA,ATG,69,ecol,Escherichia coli,cds,CDS,EAS44_RS25760,CDS,NZ_CP033092,1.0,2198784.0,2198942.0,00,protein YoaL,False,False,False,WP_001327808.1,MDRHRRHFSIRPFNACLSGTLCRTFRLHFVVTPALFLASNSYSLSRSLSWNS,False,TAA,ATG,52.0,EAS44_RS25760,pyrodigal,1.0,1.0,1.0,1.0,1.0,0.0,1.0,0.0,1.0,0.0
NZ_CP033092.2_2689,2822919,2823092,1,1_2689,00,ATG,None,None,0.322,MSYFSFEIILIPVKNIIPIITVTLILNYLNNSERSLVKQILIEDEIIVCATYLIPDN,NZ_CP033092,TAA,ATG,57,ecol,Escherichia coli,cds,CDS,EAS44_RS14840,CDS,NZ_CP033092,1.0,2822919.0,2823092.0,00,hypothetical protein,False,False,False,WP_000120100.1,MSYFSFEIILIPVKNIIPIITVTLILNYLNNSERSLVKQILIEDEIIVCATYLIPDN,False,TAA,ATG,57.0,EAS44_RS14840,pyrodigal,0.0,0.0,1.0,1.0,1.0,0.0,1.0,0.0,1.0,0.0
NZ_CP033092.2_2765,2876879,2877100,1,1_2765,00,ATG,GGA/GAG/AGG,5-10bp,0.491,MADIIDSASEIEELQRNTAIKMRRLNYLAVSATHCCECGDPIDERRRLAVQGCRTCASCQQDLELIRKQRGIK,NZ_CP033092,TGA,ATG,73,ecol,Escherichia coli,cds,CDS,EAS44_RS15255,CDS,NZ_CP033092,1.0,2876879.0,2877100.0,00,TraR/DksA family transcriptional regulator,False,False,False,WP_000763374.1,MADIIDSASEIEELQRNTAIKMRRLNYLAVSATHCCECGDPIDERRRLAVQGCRTCASCQQDLELIRKQRGIK,False,TGA,ATG,73.0,EAS44_RS15255,pyrodigal,1.0,1.0,1.0,1.0,0.0,0.0,0.0,0.0,0.0,0.0
NZ_CP033092.2_2884,2992978,2993187,-1,1_2884,00,ATG,None,None,0.367,MMLQLCATVLNVTCVASLKMNEMLINEIDMTGIKKITQTFSLRQLTFLKGATAKNVRECNLMKNSVAEH,NZ_CP033092,TAA,ATG,69,ecol,Escherichia coli,cds,CDS,EAS44_RS15850,CDS,NZ_CP033092,-1.0,2992978.0,2993187.0,00,hypothetical protein,False,False,False,WP_000979523.1,MMLQLCATVLNVTCVASLKMNEMLINEIDMTGIKKITQTFSLRQLTFLKGATAKNVRECNLMKNSVAEH,False,TAA,ATG,69.0,EAS44_RS15850,pyrodigal,1.0,1.0,1.0,1.0,1.0,0.0,1.0,0.0,1.0,0.0
NZ_CP033092.2_3636,3828267,3828332,-1,1_3636,00,ATG,GGA/GAG/AGG,5-10bp,0.379,MAIIIGLEFAQLPMSFGAKYE,NZ_CP033092,TGA,ATG,21,ecol,Escherichia coli,cds,CDS,EAS44_RS19810,CDS,NZ_CP033092,-1.0,3828267.0,3828332.0,00,small protein YadW,False,False,False,WP_120795373.1,MAIIIGLEFAQLPMSFGAKYE,False,TGA,ATG,21.0,EAS44_RS19810,pyrodigal,1.0,1.0,1.0,1.0,1.0,1.0,1.0,1.0,1.0,1.0
NZ_CP033091.2_50,54503,54715,-1,2_50,00,ATG,GGAGG,5-10bp,0.624,MNGFRNSSRNGQVWRWQRAGSRAVILEVSGRWMEAAEAWRRAAGVAPRTDWQQFARKRAAHCHRRCRGRV,NZ_CP033091,TAA,ATG,70,ecol,Escherichia coli,cds,CDS,EAS44_RS00330,CDS,NZ_CP033091,-1.0,54503.0,54715.0,00,hypothetical protein,False,False,False,WP_001311693.1,MNGFRNSSRNGQVWRWQRAGSRAVILEVSGRWMEAAEAWRRAAGVAPRTDWQQFARKRAAHCHRRCRGRV,False,TAA,ATG,70.0,EAS44_RS00330,pyrodigal,1.0,0.0,1.0,1.0,0.0,0.0,0.0,0.0,0.0,0.0
NZ_CP033091.2_72,79235,79456,-1,2_72,00,GTG,GGAGG,5-10bp,0.446,MSDEADEAYSVTEQLTMTGINRIRQKINAHGIPVYLCEACGNPIPEARRKIFPGVTLCVECQAYQERQRKHYA,NZ_CP033091,TAA,GTG,73,ecol,Escherichia coli,cds,CDS,EAS44_RS00440,CDS,NZ_CP033091,-1.0,79235.0,79456.0,00,conjugal transfer protein TraR,False,False,False,WP_001278689.1,MSDEADEAYSVTEQLTMTGINRIRQKINAHGIPVYLCEACGNPIPEARRKIFPGVTLCVECQAYQERQRKHYA,False,TAA,GTG,73.0,EAS44_RS00440,pyrodigal,1.0,1.0,1.0,1.0,0.0,0.0,0.0,0.0,1.0,0.0
NC_000962.3_1498,1612256,1612393,1,1_1498,00,ATG,AGGA,5-10bp,0.739,MRASPAERVDGAYAGAGPHTQSVLEEDQRQRAPAGAEAEGPGRTG,NC_000962,TGA,ATG,45,mtub,Mycobacterium tuberculosis,cds,CDS,Rv1434,CDS,NC_000962,1.0,1612256.0,1612393.0,00,hypothetical protein,,,,NP_215950.1,MRASPAERVDGAYAGAGPHTQSVLEEDQRQRAPAGAEAEGPGRTG,False,TGA,ATG,45.0,Rv1434,pyrodigal,0.0,0.0,1.0,1.0,1.0,1.0,1.0,1.0,1.0,1.0
NC_000962.3_1499,1612342,1612941,-1,1_1499,00,ATG,AGGAG/GGAGG,11-12bp,0.687,MAIVNRFNIKVIAGAGLFAAAIALSPDAAADPLMTGGYACIQGMAGDAPVAAGDPVAAGGPAAAGACSAALTDMAGVPFVAPGPVPAAAPVPIGAPVPIPGAPVPIPGAPVPIPGGPVPIPGAPVPVPAVPAPVIPVGTPLIALGPVLAGAPGDGVVSAPIIGMSGVKDALTDPAPAGGPVPGQPVLPGPSASAPAGAR,NC_000962,TGA,ATG,199,mtub,Mycobacterium tuberculosis,cds,CDS,Rv1435c,CDS,NC_000962,-1.0,1612342.0,1612950.0,00,hypothetical protein,,,,NP_215951.1,MTLMAIVNRFNIKVIAGAGLFAAAIALSPDAAADPLMTGGYACIQGMAGDAPVAAGDPVAAGGPAAAGACSAALTDMAGVPFVAPGPVPAAAPVPIGAPVPIPGAPVPIPGAPVPIPGGPVPIPGAPVPVPAVPAPVIPVGTPLIALGPVLAGAPGDGVVSAPIIGMSGVKDALTDPAPAGGPVPGQPVLPGPSASAPAGAR,False,TGA,TTG,202.0,Rv1435c,pyrodigal,1.0,1.0,2.0,0.0,0.0,0.0,0.0,0.0,0.0,0.0
NC_000964.3_387,430185,430274,-1,1_387,00,ATG,AGGAGG,5-10bp,0.378,MSGYGTSFALIVVLFILLIIVGTAFVGGY,NC_000964,TAA,ATG,29,bsub,Bacillus subtilis,cds,CDS,BSU_03788,CDS,NC_000964,-1.0,430185.0,430274.0,00,putative type I toxin,False,False,False,YP_003097676.1,MSGYGTSFALIVVLFILLIIVGTAFVGGY,False,TAA,ATG,29.0,BSU_03788,pyrodigal,0.0,0.0,1.0,1.0,0.0,0.0,0.0,0.0,0.0,0.0
NC_000964.3_494,527912,528025,-1,1_494,00,ATG,AGGAGG,5-10bp,0.325,MPNWLKKQMQKAFLEKDNYQIKLLNQCWYFYRKKHCS,NC_000964,TAA,ATG,37,bsub,Bacillus subtilis,cds,CDS,BSU_04785,CDS,NC_000964,-1.0,527912.0,528025.0,00,factor allowing degradation of SpoIVA by ClpXP,False,False,False,YP_009513946.1,MPNWLKKQMQKAFLEKDNYQIKLLNQCWYFYRKKHCS,False,TAA,ATG,37.0,BSU_04785,pyrodigal,1.0,0.0,1.0,1.0,1.0,0.0,1.0,0.0,1.0,0.0
NC_000964.3_937,980313,980468,1,1_937,00,ATG,None,None,0.359,MKKANPFTHAGLPFLLFPSIMFLSNKSMEYVVFHLDLVYYVTHTPRIFSGR,NC_000964,TAA,ATG,51,bsub,Bacillus subtilis,cds,CDS,BSU_09040,CDS,NC_000964,1.0,980313.0,980468.0,00,hypothetical protein,False,False,False,NP_388785.1,MKKANPFTHAGLPFLLFPSIMFLSNKSMEYVVFHLDLVYYVTHTPRIFSGR,False,TAA,ATG,51.0,BSU_09040,pyrodigal,1.0,1.0,1.0,1.0,1.0,0.0,1.0,1.0,1.0,1.0
NC_000964.3_1025,1071402,1071488,1,1_1025,00,ATG,AGGAGG,5-10bp,0.437,MSGGYSNGFALLVVLFILLIIVGAAYIY,NC_000964,TAA,ATG,28,bsub,Bacillus subtilis,cds,CDS,BSU_09958,CDS,NC_000964,1.0,1071402.0,1071488.0,00,spore assembly and germination protein,False,False,False,YP_003097699.1,MSGGYSNGFALLVVLFILLIIVGAAYIY,False,TAA,ATG,28.0,BSU_09958,pyrodigal,0.0,0.0,1.0,1.0,0.0,0.0,0.0,0.0,0.0,0.0
NC_000964.3_1026,1071613,1071699,1,1_1026,00,ATG,AGGAGG,11-12bp,0.379,MGEVFAGGFALLVVLFILLIIIGASWLY,NC_000964,TAA,ATG,28,bsub,Bacillus subtilis,cds,CDS,BSU_09959,CDS,NC_000964,1.0,1071613.0,1071699.0,00,spore and germination protein,False,False,False,YP_009513948.1,MGEVFAGGFALLVVLFILLIIIGASWLY,False,TAA,ATG,28.0,BSU_09959,pyrodigal,0.0,0.0,1.0,1.0,0.0,0.0,0.0,0.0,1.0,0.0
NC_000964.3_1031,1074381,1074572,1,1_1031,00,TTG,AGGAGG,5-10bp,0.448,MSVFLIVLSCITLAFASGAVYYIKLLSQAASYPPKRVIRQKALVCSTGTAFTLCLIFFTKLLA,NC_000964,TAA,TTG,63,bsub,Bacillus subtilis,cds,CDS,BSU_10009,CDS,NC_000964,1.0,1074381.0,1074572.0,00,membrane protein of unknown function,False,False,False,YP_003097700.1,MSVFLIVLSCITLAFASGAVYYIKLLSQAASYPPKRVIRQKALVCSTGTAFTLCLIFFTKLLA,False,TAA,TTG,63.0,BSU_10009,pyrodigal,1.0,1.0,1.0,1.0,0.0,0.0,0.0,0.0,2.0,0.0
NC_000964.3_1521,1534120,1534239,1,1_1521,00,ATG,GGA/GAG/AGG,5-10bp,0.392,MGTIVCQDCNEAIHYFEDEKVTTLYGTCCGQCQCPVDEE,NC_000964,TAA,ATG,39,bsub,Bacillus subtilis,cds,CDS,BSU_14629,CDS,NC_000964,1.0,1534120.0,1534239.0,00,regulator of GapA synthesis,False,False,False,YP_003097726.1,MGTIVCQDCNEAIHYFEDEKVTTLYGTCCGQCQCPVDEE,False,TAA,ATG,39.0,BSU_14629,pyrodigal,1.0,1.0,1.0,1.0,2.0,0.0,2.0,0.0,2.0,0.0
NC_000964.3_1901,1957746,1957919,-1,1_1901,00,ATG,GGA/GAG/AGG,5-10bp,0.368,MNMEAVFGHLPLLESEKLVLNKNKIEEKHVQDVFYVFISSLVRCHIIFCAVRRCCVD,NC_000964,TGA,ATG,57,bsub,Bacillus subtilis,cds,CDS,BSU_18275,CDS,NC_000964,-1.0,1957746.0,1957919.0,00,hypothetical protein,False,False,False,YP_009513961.1,MNMEAVFGHLPLLESEKLVLNKNKIEEKHVQDVFYVFISSLVRCHIIFCAVRRCCVD,False,TGA,ATG,57.0,BSU_18275,pyrodigal,1.0,1.0,1.0,1.0,1.0,0.0,1.0,0.0,1.0,0.0
NC_000964.3_1947,2040988,2041227,-1,1_1947,00,GTG,GGA/GAG/AGG,11-12bp,0.346,MTVINDYREEPEEAFWILYPMGVKCLSMITKSLLNTNRDFVTDCAFQLNILLIMTVKPKQVQPVSSLKTANFKIFYVKI,NC_000964,TAG,GTG,79,bsub,Bacillus subtilis,cds,CDS,BSU_18709,CDS,NC_000964,-1.0,2040988.0,2041227.0,00,conserved hypothetical protein (putative phageorigin); putative defective prophage 6,False,False,False,YP_003097735.1,MTVINDYREEPEEAFWILYPMGVKCLSMITKSLLNTNRDFVTDCAFQLNILLIMTVKPKQVQPVSSLKTANFKIFYVKI,False,TAG,GTG,79.0,BSU_18709,pyrodigal,1.0,1.0,1.0,1.0,1.0,0.0,1.0,0.0,1.0,0.0
NC_000964.3_2080,2154596,2154673,-1,1_2080,00,ATG,AGGAGG,5-10bp,0.269,MENVMSWFNIDFEIKSDNNIDKTLL,NC_000964,TGA,ATG,25,bsub,Bacillus subtilis,cds,CDS,BSU_19900,CDS,NC_000964,-1.0,2154596.0,2154673.0,00,hypothetical protein; phage SPbeta,False,False,False,NP_389871.1,MENVMSWFNIDFEIKSDNNIDKTLL,False,TGA,ATG,25.0,BSU_19900,pyrodigal,1.0,1.0,1.0,1.0,1.0,1.0,1.0,1.0,1.0,1.0
NC_000964.3_2258,2282505,2282639,-1,1_2258,00,GTG,GGAG/GAGG,5-10bp,0.348,MGGLLSEKAKQVDTKNKLEKFPSKLNDLTVNFKPKEPDSFKKCY,NC_000964,TAA,GTG,44,bsub,Bacillus subtilis,cds,CDS,BSU_21638,CDS,NC_000964,-1.0,2282505.0,2282639.0,00,hypothetical protein; phage SPbeta,False,False,False,YP_009513971.1,MGGLLSEKAKQVDTKNKLEKFPSKLNDLTVNFKPKEPDSFKKCY,False,TAA,GTG,44.0,BSU_21638,pyrodigal,1.0,1.0,1.0,1.0,1.0,1.0,1.0,1.0,1.0,0.0
NC_000964.3_2895,2841307,2841447,1,1_2895,00,ATG,GGAG/GAGG,5-10bp,0.326,MNKMNGTNDEKHFNHFVIALSFIYGLTELGYLLLKDFITIAISLPL,NC_000964,TAG,ATG,46,bsub,Bacillus subtilis,cds,CDS,BSU_27809,CDS,NC_000964,1.0,2841307.0,2841447.0,00,hypothetical protein,False,False,False,YP_003097769.1,MNKMNGTNDEKHFNHFVIALSFIYGLTELGYLLLKDFITIAISLPL,False,TAG,ATG,46.0,BSU_27809,pyrodigal,0.0,0.0,1.0,1.0,1.0,0.0,1.0,0.0,1.0,1.0
NZ_JADCNP010000001.1_159,165488,165715,1,101_159,00,ATG,None,None,0.211,MKLLTSKDMKIFKVLIDDKNMNISEAIKIIMIEVYFLSYKDRAIIRRLNRIITSKNNKDFVIEMKRIKLINSLKS,NZ_JADCNP010000001,TAA,ATG,75,afis,Aliivibrio fischeri,cds,CDS,IM820_RS00785,CDS,NZ_JADCNP010000001,1.0,165488.0,165715.0,00,hypothetical protein,False,False,False,WP_199414876.1,MKLLTSKDMKIFKVLIDDKNMNISEAIKIIMIEVYFLSYKDRAIIRRLNRIITSKNNKDFVIEMKRIKLINSLKS,False,TAA,ATG,75.0,IM820_RS00785,pyrodigal,0.0,0.0,1.0,1.0,0.0,0.0,0.0,0.0,0.0,0.0
NZ_JADCNP010000001.1_233,239889,240137,1,101_233,00,ATG,None,None,0.293,MKNNNSTYKRTMIRRKSGKIVSKKTLIKKIPLEKPRLSDLDNILALLEKIDSEESFLKIKFKIEQLERQNINPLKRVRLNSL,NZ_JADCNP010000001,TAA,ATG,82,afis,Aliivibrio fischeri,cds,CDS,IM820_RS01145,CDS,NZ_JADCNP010000001,1.0,239889.0,240137.0,00,hypothetical protein,False,False,False,WP_047863368.1,MKNNNSTYKRTMIRRKSGKIVSKKTLIKKIPLEKPRLSDLDNILALLEKIDSEESFLKIKFKIEQLERQNINPLKRVRLNSL,False,TAA,ATG,82.0,IM820_RS01145,pyrodigal,0.0,0.0,1.0,1.0,1.0,0.0,0.0,0.0,0.0,0.0
NZ_JADCNP010000003.1_11,10628,10798,-1,123_11,00,ATG,GGA/GAG/AGG,11-12bp,0.386,MFNLEGYCDWCRKPAMVLQHQYCDGAKYYACEHCNDYAKIDIRQYDLAEMEKMNQK,NZ_JADCNP010000003,TAA,ATG,56,afis,Aliivibrio fischeri,cds,CDS,IM820_RS02335,CDS,NZ_JADCNP010000003,-1.0,10628.0,10798.0,00,hypothetical protein,False,False,False,WP_011262064.1,MFNLEGYCDWCRKPAMVLQHQYCDGAKYYACEHCNDYAKIDIRQYDLAEMEKMNQK,False,TAA,ATG,56.0,IM820_RS02335,pyrodigal,1.0,1.0,1.0,1.0,2.0,0.0,2.0,0.0,2.0,0.0
