id,start,stop,strand,ID,partial,start_type,rbs_motif,rbs_spacer,gc_content,seq,contig_id,stop_codon,start_codon,length,code_name,species,label,feature,locus_tag,ref_feature,ref_contig_id,ref_strand,ref_start,ref_stop,ref_partial,ref_product,ref_frameshifted,ref_incomplete,ref_internal_stop,ref_protein_id,ref_seq,ref_pseudo,ref_stop_codon,ref_start_codon,ref_length,ref_locus_tag,source
NZ_LN831024.1_94,107075,108121,1,1_94,00,ATG,GGAG/GAGG,5-10bp,0.703,MAGEAGQPSEPLNLLAGMAAAPWDYDFFQALRRIECESPQLPRLGHSVRLADDPLRLGQKPDCTFAPSTLASVSQAGTAAVPRLDQFFFGLTGPNGPLPLHLTEYARERQRNVNDATFKRFMDVFHHRLLTLFYRAWAEARPEISHDRIDDDYWSARLAALSGRGMPSLRGREPLADTARYYYTGHLAAQTRYPDGLRVILAEYFEVPVAVEEYVGQWLELPERSRLGVDSTSLGMDVCLGTHVWDRQHKFRLRLGPLDLDQYQRFLPDGDHFVELAAWVAEYLGEELDWDVNLVLQRHEVPPLGLQGGGRLGFNTWLGDPGQDARDLLLARQYATARPHEHKEKEHE,NZ_LN831024,TGA,ATG,348,paer,Pseudomonas aeruginosa,cds,CDS,AT700_RS00455,CDS,NZ_LN831024,1.0,105252.0,107111.0,00,type VI secretion system baseplate subunit TssF,False,False,False,WP_048520692.1,MNPRLLEYYNQELQHIRESAAEFAEEFPKIAGRLSLSGFECADPYVERLLEGFAYLTARVQLKLDAEYPTFTHNLLEIAYPHYLAPTPSMTVVQLRPAPNEGALSSGFSVERGASLRGQLGPDDQTACEYRTAHPVTLWPLEVAQADYFGNPAAVLGRLAASEPRAKAGLRIRLRSGAGIPFDSLSLDALPLYLHGADEQPYRLYEQLLGNACAVFVRAPDNAWVERLPTSSLRARGFDDEDALLPVVPRAFQGYRLLQEYFALPARFLFVEFSGLNRALRRCHGEELELVVLFGKHDQRLEGTVDAEQLVPFCTPAINLFPRRCDRIHLSDRVNEHHVIVDRTRPLDFEVHSLQQVSGHGSGPEQPFQPFYAVRDPARYGREQAYFSVRREPRVLSSKQRRKGPRSTYVGSETFVALVDANQAPYRHDLRQLGIAALCTNRDLPLFMPIGAHKSDFTLEDSAPVMQVRCLAGPSRPRASRAHDASAWRLISQLSLNYLSLAERGQGAAALRELLRLYGDSGDPALQLQIEGLREVSSKPCTRRLPMPGPIVFGRGLEITLDFDENAFRGTGVFLLGAVFERFLARYVSINSFTETVLRTGERGEVMRWQAKPGSRPNL,False,TGA,ATG,619.0,AT700_RS00455,prodigal
NZ_LN831024.1_672,722520,722831,1,1_672,00,ATG,GGA/GAG/AGG,5-10bp,0.522,MQNQQIRIRLKAFDHRLIDQSTQEIVETAKRTGAQVRGPIPLPTRKERFTVLISPHVNKDARDQYEIRTHKRVLDIVQPTDKTVDALMKLDLAAGVEVQISLG,NZ_LN831024,TAA,ATG,103,paer,Pseudomonas aeruginosa,cds,CDS,AT700_RS03390,CDS,NZ_LN831024,1.0,722520.0,722831.0,00,30S ribosomal protein S10,False,False,False,WP_003103876.1,MQNQQIRIRLKAFDHRLIDQSTQEIVETAKRTGAQVRGPIPLPTRKERFTVLISPHVNKDARDQYEIRTHKRVLDIVQPTDKTVDALMKLDLAAGVEVQISLG,False,TAA,ATG,103.0,AT700_RS03390,prodigal
NZ_LN831024.1_1185,1277220,1277498,1,1_1185,00,ATG,GGA/GAG/AGG,5-10bp,0.706,MAGDADSNSSPDLLPEVRRVSPGDTLRLCTCGASASLPDCPADCRNGLTLHATRERLLLLCRCGRSADLPYCDGSHAPSASGLKARWRRFRG,NZ_LN831024,TGA,ATG,92,paer,Pseudomonas aeruginosa,cds,CDS,AT700_RS29190,CDS,NZ_LN831024,1.0,1277220.0,1277498.0,00,CDGSH iron-sulfur domain-containing protein,False,False,False,WP_003113822.1,MAGDADSNSSPDLLPEVRRVSPGDTLRLCTCGASASLPDCPADCRNGLTLHATRERLLLLCRCGRSADLPYCDGSHAPSASGLKARWRRFRG,False,TGA,ATG,92.0,AT700_RS29190,prodigal
NZ_LN831024.1_1251,1353452,1354747,1,1_1251,00,ATG,GGA/GAG/AGG,5-10bp,0.654,MSQRKAQNDYQKIIRSLSDRIVEAQTPIRVLDAIKWDDGIRQDFLKGRGKHAPKVDRGYYDSRPLAFDASAKKQEFQNIERDITRQLGQFNPVGQIMRRMCKEYRMVIRMLEARGTPDLGLISQELYGSASDAFHAGDPTLADLGLMLSDYLNNIADRGDLKDEPKTLTAKEVVPILQARLNTVFGEEEGTIRVFESDGIVADAAAGADYIKVRADALFNERDVRALEVHEGLVHVGTTLNGLSQPICTFLAKGPPSSTVTQEGLAILMEVIAFASYPTRLRKLTNRTRAIHMAEEGADFLDVFHFYREQGYSLEDSYQNASRVFRGSTPDGLPFTKDLSYLKGFILIYNYIQLAVRKGKLEQIPLLFCGKTTLEDMRTLRQLVDEGLVAPPKYLPPQFRDLNALSAWMCFSNFLNHLSLDRIEADYANIL,NZ_LN831024,TGA,ATG,431,paer,Pseudomonas aeruginosa,cds,CDS,AT700_RS06275,CDS,NZ_LN831024,1.0,1353452.0,1354747.0,00,flavohemoglobin expression-modulating QEGLAmotif protein,False,False,False,WP_003092515.1,MSQRKAQNDYQKIIRSLSDRIVEAQTPIRVLDAIKWDDGIRQDFLKGRGKHAPKVDRGYYDSRPLAFDASAKKQEFQNIERDITRQLGQFNPVGQIMRRMCKEYRMVIRMLEARGTPDLGLISQELYGSASDAFHAGDPTLADLGLMLSDYLNNIADRGDLKDEPKTLTAKEVVPILQARLNTVFGEEEGTIRVFESDGIVADAAAGADYIKVRADALFNERDVRALEVHEGLVHVGTTLNGLSQPICTFLAKGPPSSTVTQEGLAILMEVIAFASYPTRLRKLTNRTRAIHMAEEGADFLDVFHFYREQGYSLEDSYQNASRVFRGSTPDGLPFTKDLSYLKGFILIYNYIQLAVRKGKLEQIPLLFCGKTTLEDMRTLRQLVDEGLVAPPKYLPPQFRDLNALSAWMCFSNFLNHLSLDRIEADYANIL,False,TGA,ATG,431.0,AT700_RS06275,prodigal
NZ_LN831024.1_2668,2918317,2919516,1,1_2668,00,ATG,GGAGG,5-10bp,0.691,MCLDDPTHSRRDILKLAALLSAAGALPLLSSLQARAAAEPDAPVRIGYLPITDATPLLVAHANGLFEAEGIQAERPVLLRSWAQVIEAFISGQVNVIHLLSPMTVWARYGSKVPAKVVAWNHVGGSGLTVAPEIADVRQLGGKSVAIPFWYSIHNVVLQQLLRDNGLRAVSRAVGAALAADEVNLVVLPPSDMPPALASKRIHGYIVAEPFNALAENLKVGRVQRFTGDVWRNHACCVVFMHEHDLERRPQWSQKVVNAIVKAQLWTREHRAEAAQLLSKAGANRYTPHAPEVLGRVLAPGAEEQQAYLASGAIRHADWQERRIDFQPYPYPSYTEELVRRLKDTLIEGNNAFLASLDPRQVASDLVDDRFVRQALAEVGGLQAFGLAEGFQRSEEISP,NZ_LN831024,TGA,ATG,399,paer,Pseudomonas aeruginosa,cds,CDS,AT700_RS13365,CDS,NZ_LN831024,1.0,2917515.0,2918351.0,00,ABC transporter ATP-binding protein,False,False,False,WP_003115101.1,MSEALLDARGIALGYPRGAGWQAVLGDFELRLGAGEVVSILGPSGVGKSSLLRVLAGLQEPAAGSVRVLGEPLRGPHPGVAVAFQDPSLLPWLNLEKNVAFGLDFARQPHLDAATRQARVDQAIAAVGLEHARARYPAQLSGGMAQRTALARCLARQPKVLLLDEPFGALDEVTRADMQQLLLRAIHERGTAVVLITHDIDEALLLSERILLLGDSPARTLGEWRIDLPQPRAELVEELGALRIEILKTLRRASRTHAHPIAQPEASHVPGRPDPFPT,False,TGA,ATG,278.0,AT700_RS13365,prodigal
NZ_CP033092.2_295,324186,324695,1,1_295,00,ATG,AGGA,5-10bp,0.365,MPGKQMLCCILISIISEGDMKIFISLFLFIISTNSFADDITHAGVVRIEGLITEKTCIISDESKNFTVNMPDVPSSSVRSAGDVTEKVYFSITLTRCGSDVGNAYIKFTGNTVSEDASLYKLEDGSVEGLALTIFDKNKGSISNDVKSMGFSLTSSVDNILHFLRLTKH,NZ_CP033092,TAA,ATG,169,ecol,Escherichia coli,cds,CDS,EAS44_RS02305,CDS,NZ_CP033092,1.0,323672.0,324235.0,00,fimbrial protein,False,False,False,WP_001048914.1,MNLIFSKYSVFFILFAFFAFPLSGQANDSVVVTFTGILLAKSCDITTGSKDQSVKMGTYDANEFLNVGDVSPSQTFTINVQGCPTAKSTVYSSGVSANVRFTGDADAINSALLRLSAGADSATGLGIEILDNNDVAIAINGESGFRDLVLNENGDANLTFKLRYKSTQENVHAGQANALLYFDIDYQ,False,TGA,ATG,187.0,EAS44_RS02305,prodigal
NZ_CP033092.2_335,371605,372009,1,1_335,00,ATG,GGAG/GAGG,5-10bp,0.526,MRVKRWLLAGIALCLLTGMRDPFKPPEDLCRISELSQWRYQGMVGRGERIIGVIKDGQKKWRRVQQNDVLENGWTILQLTPDALTLGTGTNCEPPHWLWQRQGDTNEAMDSRTTVDAYTRRTGGKAAKSDADGG,NZ_CP033092,TGA,ATG,134,ecol,Escherichia coli,cds,CDS,EAS44_RS02500,CDS,NZ_CP033092,1.0,371175.0,371615.0,00,DNA utilization protein HofO,False,False,False,WP_001055745.1,MNMFFDWWFATSLRLRQFCWAVWLLVLVTLIFLSLTHHEESDALIRLRANHHQQWAALYRLVDTTSFSEEKTLPFSPLDFQLSGAQLVYWHPSAQGGELALKTLWEAVPSAFTRLAERNVSVSRFLLSVEGDDLLFTLQLETPHEG,False,TAA,ATG,146.0,EAS44_RS02500,prodigal
NZ_CP033092.2_1149,1220493,1220699,-1,1_1149,00,ATG,GGAG/GAGG,5-10bp,0.454,MLNLDCVPISTYCKETGETPEAINKRVQRGVWREGVQVLKVEGVKERWIDLSEVAKWARQNCSNYRAA,NZ_CP033092,TAA,ATG,68,ecol,Escherichia coli,cds,CDS,EAS44_RS06755,CDS,NZ_CP033092,-1.0,1219360.0,1220532.0,00,site-specific integrase,False,False,False,WP_000531794.1,MGQTKLLKLPRGVTIRKHHQGETINITFTYKGVRCREPLSNLEVTPKNIKYAERTLGEIHNKIERGTFIYAEYFPRSARLKIFGNAAASKTVKMYLDEYLEICETRKLSPSTIGGYKKCRSALASLHICPASELTPATLKAWIQSQKTTLKTIRNQLSFLRSALDEAVTDGVLQINPVSLVTASRYQSDKSEAESSYVVDPLSPAEVDALLAAAGNKQWENLFRFAIHTGLRSSELCALRWHDIDFVGKTAHVQSASVVGVIKGTKTKAGTRKVELTEEAMLALINQKPFTFMKDATVFEDPKTNKPWASADAIRKKAWVPTLRKAGIRYRNPYQTRHTFATSHISRGANLFWLAAQMGHKGPEMLFRHYGQYLKEYDGRASIKDKKALF,False,TAA,ATG,390.0,EAS44_RS06755,prodigal
NZ_CP033092.2_1357,1438342,1438677,1,1_1357,00,ATG,None,None,0.568,MNGPVLDPDKEESTMEALGMIETRGLVALIEASDAMVKAARVKLVGVKQIGGGLCTAMVRGDVAACKAATDAGAAAAQRIGELVSVHVIPRPHGDLEEVFPIGLKGDSSNL,NZ_CP033092,TAA,ATG,111,ecol,Escherichia coli,cds,CDS,EAS44_RS07840,CDS,NZ_CP033092,1.0,1437329.0,1438345.0,00,phosphate acetyltransferase,False,False,False,WP_000584522.1,MIIKRCRELALRAPARVVFPDALDQRVLKAAQYLHQQGLATPILVANPFELRQFALSHGVAMDGLQVIDPHGNLAMREEFAHRWLARAGEKTPPDALEKLTDPLMFAAAMVSAGKADVCIAGNLSSTANVLRAGLRIIGLQPGCKTLSSIFLMLPQYSGPALGFADCSVVPQPTAAQLADIALASAETWRAITGEEPRVAMLSFSSNGSARHPCVANVQQATEIVRERAPKLVVDGELQFDAAFVPEVAAQKAPASPLQGKANVMVFPSLEAGNIGYKIAQRLGGYRAVGPLIQGLAAPMHDLSRGCSVQEIIELALVAAVPRQTEVNRESSLQTLVE,False,TGA,ATG,338.0,EAS44_RS07840,prodigal
NZ_CP033092.2_1777,1872746,1872904,1,1_1777,00,ATG,GGA/GAG/AGG,5-10bp,0.572,MPGSDPQTNGDLSADIRQLENALARCASQVKMIKHCQDENDAQTRQPAQGAD,NZ_CP033092,TGA,ATG,52,ecol,Escherichia coli,cds,CDS,EAS44_RS25535,CDS,NZ_CP033092,1.0,1872334.0,1872759.0,00,Rz-like lysis system protein LysB,False,False,False,WP_000040663.1,MSKLMIVLVVLLSLAVAGLFLVKHKNASLRASLDRANNVASEQQTTITMLKNQLHVALTRADKNELAQVALRQELENAAKREAQREKTITRLLNENEDFRRWYGADLPDAVRRLHQRPACTDASDCRQRLPESEPLPDAGQ,False,TGA,ATG,141.0,EAS44_RS25535,prodigal
NZ_CP033092.2_2505,2662898,2662993,-1,1_2505,00,ATG,GGA/GAG/AGG,5-10bp,0.438,MINTNMKYWSWMGAFSLSMFFWAELLWIITH,NZ_CP033092,TGA,ATG,31,ecol,Escherichia coli,cds,CDS,EAS44_RS13940,CDS,NZ_CP033092,-1.0,2662898.0,2662993.0,00,small membrane protein YmiC,False,False,False,WP_001514266.1,MINTNMKYWSWMGAFSLSMFFWAELLWIITH,False,TGA,ATG,31.0,EAS44_RS13940,prodigal
NC_000962.3_57,57335,57973,1,1_57,00,ATG,GGAG/GAGG,5-10bp,0.659,MQVAIALFPGNTALDAVGPYEVLQRVPSFDVVFVGHRRGEVRSDNAMLGLLCDAAFDELTRPDVVIFPGGIGTRTLIHDQTVLDWVREAHRHTLLTTSVCTGGLVLAAAGLLNGLTATTHWRVQDLFNSLGARYVPQRVVEHLPERVITAAGVSSGIDMGLRLVELLVSREAAEASQLMIEYDPQPPVDAGSLAKASPATHRLALEFYQHRL,NC_000962,TGA,ATG,212,mtub,Mycobacterium tuberculosis,cds,CDS,Rv0051,CDS,NC_000962,1.0,55696.0,57378.0,00,transmembrane protein,,,,NP_214565.1,MTGALSQSSNISPLPLAADLRSADNRDCPSRTDVLGAALANVVGGPVGRHALIGRTRLMTPLRVMFAIALVFLALGWSTKAACLQSTGTGPGDQRVANWDNQRAYYQLCYSDTVPLYGAELLSQGKFPYKSSWIETDSNGTPQLRYDGQIAVRYMEYPVLTGIYQYLSMAIAKTYTALSKVAPLPVVAEVVMFFNVAAFGLALAWLTTVWATSGLAGRRIWDAALVAASPLVIFQIFTNFDALATGLATSGLLAWARRRPVLAGVLIGLGSAAKLYPLLFLYPLLLLGIRAGRLNALARTMAAAAATWLLVNLPVMLLFPRGWSEFFRLNTRRGDDMDSLYNVVKSFTGWRGFDPTLGFWEPPLVLNTVVTLLFVLCCAAIAYIALTAPHRPRVAQLTFLTVASFLLVNKVWSPQFSLWLVPLAVLALPHRRILLAWMTIDALVWVPRMYYLYGNPSRSLPEQWFTTTVLLRDIAVMVLCGLVVWQIYRPGRDLVRTGGPGALPACGGVDDPVGGVFANAADAPPGRLPSWLRPRLGDEHARERTPDAGRDRTFSGQHRA,False,TGA,GTG,560.0,Rv0051,prodigal
NC_000962.3_191,208938,209672,1,1_191,00,GTG,AGGA,5-10bp,0.638,MEDQQSASGDLTQKSVANGESTDTASAATEGHRGEIDAAGEPDERGAAVADSQADEDDSAATAARGGKTRARRSRGRRLAITVGVAAALFVGSAAFAGATVEPYLSERAVVATKLMVARTAANAITTLWTYTPENMDTLADRAANYLSGDFAAQYRRFVDQIAAANKQAKITNDTEVTGAAVESLSGRDAVAIVYTNTTTTSPVTKNIPALKYLSYRLFMKRYDARWLVTRMTTITSLDLTPQV,NC_000962,TAG,GTG,244,mtub,Mycobacterium tuberculosis,cds,CDS,Rv0177,CDS,NC_000962,1.0,208417.0,208971.0,00,Mce associated protein,False,False,False,NP_214691.1,MSPRRKFEPGEGALLAPQSIEPSRRWGLPLALTASAVVMAAAISACALMRISHESHQRAAHKDIVMLSDVRSFMTMFTSPDPFHANEYAERVLSHATGDFAKQYHERANDILIRISGVEPTTGTVLDAGVQRWNEDGSANVLVVTQITSKSADGKRVVSNANRWLVTAKQEGNEWKISSLLPVI,False,TGA,ATG,184.0,Rv0177,prodigal
NC_000962.3_2221,2387202,2387972,-1,1_2221,00,TTG,None,None,0.777,MIGDGANGGPGQPGGPGGLLYGNGGHGGAGAAGQDRGAGNSAGLIGNGGAGGAGGNGGIGGAGAPGGLGGDGGKGGFADEFTGGFAQGGRGGFGGNGNTGASGGMGGAGGAGGAGGAGGLLIGDGGAGGAGGIGGAGGVGGGGGAGGTGGGGVASAFGGGNAFGGRGGDGGDGGDGGTGGAGGARGAGGAGGAGGWLSGHSGAHGAMGSGGEGGAGGGGGARGEAGAGGGTSTGTNPGKAGAPGTQGDSGDPGPPG,NC_000962,TGA,TTG,256,mtub,Mycobacterium tuberculosis,cds,CDS,Rv2126c,CDS,NC_000962,-1.0,2387202.0,2387972.0,00,PE-PGRS family protein PE_PGRS37,,,,YP_177862.1,MIGDGANGGPGQPGGPGGLLYGNGGHGGAGAAGQDRGAGNSAGLIGNGGAGGAGGNGGIGGAGAPGGLGGDGGKGGFADEFTGGFAQGGRGGFGGNGNTGASGGMGGAGGAGGAGGAGGLLIGDGGAGGAGGIGGAGGVGGGGGAGGTGGGGVASAFGGGNAFGGRGGDGGDGGDGGTGGAGGARGAGGAGGAGGWLSGHSGAHGAMGSGGEGGAGGGGGARGEAGAGGGTSTGTNPGKAGAPGTQGDSGDPGPPG,False,TGA,TTG,256.0,Rv2126c,prodigal
NC_000962.3_2385,2555941,2556135,1,1_2385,00,ATG,None,None,0.667,MLEKCPHASVDCGASKIGITDNDPATATNRRLASTIRKPPIEHAAGPLGSTSRAGHRSYGGVAS,NC_000962,TAA,ATG,64,mtub,Mycobacterium tuberculosis,cds,CDS,Rv2283,CDS,NC_000962,1.0,2555941.0,2556135.0,00,hypothetical protein,,,,NP_216799.1,MLEKCPHASVDCGASKIGITDNDPATATNRRLASTIRKPPIEHAAGPLGSTSRAGHRSYGGVAS,False,TAA,ATG,64.0,Rv2283,prodigal
NC_000962.3_2439,2604950,2605078,1,1_2439,00,ATG,None,None,0.636,MAKGVDRALCEIVAERRQLDLDLAKAQVRSALANQRYHRDVH,NC_000962,TAA,ATG,42,mtub,Mycobacterium tuberculosis,cds,CDS,Rv2331A,CDS,NC_000962,1.0,2604740.0,2605078.0,00,hypothetical protein,,,,YP_177669.1,MKGHLATFGHPALPTYRGSWLSREPGSPYRLPAGAGRDRGDACRRIPRRTGSGTLLRPGQRCTFAANADPMAKGVDRALCEIVAERRQLDLDLAKAQVRSALANQRYHRDVH,False,TAA,ATG,112.0,Rv2331A,prodigal
NC_000964.3_82,87401,87610,1,1_82,00,ATG,AGxAGG/AGGxGG,5-10bp,0.429,MEAEIWGRRIRAFRKLKGYTQEGFAKALGISVSILGEIERGNRLPSAAIIQDAADVLNISADELAPPEK,NC_000964,TAG,ATG,69,bsub,Bacillus subtilis,cds,CDS,BSU_00790,CDS,NC_000964,1.0,86946.0,87449.0,00,"7,8-dihydro-6-hydroxymethylpterinpyrophosphokinase",False,False,False,NP_387960.1,MNNIAYIALGSNIGDRETYLRQAVALLHQHAAVTVTKVSSIYETDPVGYEDQAQFLNMAVEIKTSLNPFELLELTQQIENELGRTREVRWGPRTADLDILLFNRENIETEQLIVPHPRMYERLFVLAPLAEICQQVEKEATSAETDQEGVRVWKQKSGVDEFVHSES,False,TGA,ATG,167.0,BSU_00790,prodigal
NC_000964.3_484,522862,523650,1,1_484,00,ATG,GGAG/GAGG,5-10bp,0.454,MTQPSKTTKLTKDEVDRLISDYQTKQDEQAQETLVRVYTNLVDMLAKKYSKGKSFHEDLRQVGMIGLLGAIKRYDPVVGKSFEAFAIPTIIGEIKRFLRDKTWSVHVPRRIKELGPRIKMAVDQLTTETQRSPKVEEIAEFLDVSEEEVLETMEMGKSYQALSVDHSIEADSDGSTVTILDIVGSQEDGYERVNQQLMLQSVLHVLSDREKQIIDLTYIQNKSQKETGDILGISQMHVSRLQRKAVKKLREALIEDPSMELM,NC_000964,TAA,ATG,262,bsub,Bacillus subtilis,cds,CDS,BSU_04720,CDS,NC_000964,1.0,522414.0,522896.0,00,switch protein/serine kinase and anti-sigmafactor (inhibitory sigma-B binding protein),False,False,False,NP_388353.1,MKNNADYIEMKVPAQPEYVGIIRLTLSGVASRMGYTYDEIEDLKIAVSEACTNAVQHAYKEDKNGEVSIRFGVFEDRLEVIVADEGDSFDFDQKQQDLGPYTPSHTVDQLSEGGLGLYLMETLMDEVRVQNHSGVTVAMTKYLNGERVDHDTTIKNYETN,False,TAA,ATG,160.0,BSU_04720,prodigal
NC_000964.3_2717,2694420,2695121,-1,1_2717,00,TTG,AGxAGG/AGGxGG,5-10bp,0.416,MDIKAMGYVVIPRLPFKEFRDEKIYDHLFKRAEYRPNQELELGQTIIKVVELAKDFNWSAAQIKYSLDRMEKQGYIKLHRLPQKRGLIVTILHYADYIQLGNYMKNKALEPAQIEHQEVDDKMKNAFELYENKVARSVGPMEAQRIGYMVDDYGEEKVMEAIKTAFQLKGKAASLSYVQAILSNPFTQKRKEKQYGYKQSSQYRHRISNDHAGTSGKVSPLFGNKTGRIRRKG,NC_000964,TGA,TTG,233,bsub,Bacillus subtilis,cds,CDS,BSU_26260,CDS,NC_000964,-1.0,2693597.0,2694538.0,00,putative helicase loader; skin element,False,False,False,NP_390503.3,MAINKAVSIDTAFQTIMQELRERSARFLGTKQAVSEEKAEFDCPYCKDRGIVVYRVHKDTSWHLDEQLDLMVPDDMVSEDDFLLGKVCTPDKASEWKDTYSKQCECVRRKKIARLMAASGITEEFEKLLFGNFITDGKPDMIKDAYECAVEYYKDFQKIKGERQNSIALLGQPGSGKTHLLTAIMNNLIKKKSVHCMYFPYVEGMGDLKANFDNLEAKLDAMRKVEVLFIDDLFKPINGQPRATDWQVEQIQSVLNYRYLNHKPLLISSELTIDEILDIDEALGSRIHQMCRDYIVIIRGDRMQLNHRLGDWE,False,TGA,ATG,313.0,BSU_26260,prodigal
NZ_JADCNP010000002.1_185,200993,201688,1,112_185,00,ATG,GGAGG,5-10bp,0.341,MSRQRLKLLLINSKKNVPEILSKLRQQSDEQHDFTFHSVSLSESDALYATYSEKVEFSDEAYDQFGNVIDEISYVTYRNISFHVEVLDTNKLLMVIYNSPKSIRTFLDCFSRLFDFQVGFSNPELNLKLFKSVLESDLSAKLEGTGKVKVSRVVIDKAAKATIEITSIKDAFKSLEKLIEGKVYKLDKLSSSIYVDGQTVDFELSKTCSLTVRDRSLSYILPSIKNTLINQ,NZ_JADCNP010000002,TAA,ATG,231,afis,Aliivibrio fischeri,cds,CDS,IM820_RS02195,CDS,NZ_JADCNP010000002,1.0,199912.0,201033.0,00,hypothetical protein,False,False,False,WP_155661643.1,MHKNYLYSVTDKALFDALNTSKINNSELRDLFLSRGVIISTESKREELALEFSKYNHDYYDHQRIASAMGVVQRKEKTTTSDYVTEVEQESLETTLNVLKKQITEEKDLCIWHEDENGNFIVDITYETPDYTKSDFKQIVKKEATITIEKTGSGYTVRYPDNPKVKDYERTIRESVALIAEEAGQEFDSTRINLASIDDPSARTSFFQKLLYRMSGFQPIDVTDVYVFHPKPTDDEKDKSGDSGIHISRASLKGEGVLQSDELQDFYSRGFYISKIRWKFEEQLVGSDIYVMEAMFGKPETFEDFSYITRGKFKYKSKGEYNKNPSKLDKVEELRISRLIEDTARTIVDEILEETLGEGENESSEAEVTTDKQ,False,TAA,ATG,373.0,IM820_RS02195,prodigal
NZ_LN831024.1_1248,1349089,1349163,1,1_1248,00,ATG,GGA/GAG/AGG,5-10bp,0.533,MEINPILNSIKDLSERTQTIRGYL,NZ_LN831024,TGA,ATG,24,paer,Pseudomonas aeruginosa,cds,CDS,AT700_RS06255,CDS,NZ_LN831024,1.0,1349089.0,1349160.0,00,peptide chain release factor 2,False,False,False,WP_010895661.1,MEINPILNSIKDLSERTQTIRGYLDYDQKHDRLVEVNRELEDPNVWNNPEYAQNLGRERAQLAQVVETLDDLTSGLADSRDLLDMAVEEDDEGAVDDVANEVERLREILEKLEFRRMFSGEMDPNNAYLDIQAGSGGTEAQDWANMLLRMYLRWADKHGFDATIIELSEGEVAGIKGATVHIKGEYAFGWLRTEIGVHRLVRKSPFDSGNRRHTSFTAVFVSPEIDDNIEIEINPADLRIDTYRSSGAGGQHVNTTDSAVRITHVPTNTVVACQNERSQHANKDTAMKMLRAKLYELEMQKRTAASQALEDSKSDIGWGHQIRSYVLDQSRIKDLRTGIERSDCDKVLDGDLDEYLEASLKQGL,False,none,ATG,23.0,AT700_RS06255,pyrodigal
NZ_LN831024.1_3436,3762858,3763640,1,1_3436,00,GTG,None,None,0.653,MIYPRHSEGRNPEPYVVELLQLALARSGGDYRLEPSAQPMPQSRAQLRLEQDDPGLQVMWAQSRDDLEETLLPIRIPIYRGLIGWRIPLVSAANKDILASVRTLDDLRRLRFGQRQDWADTPILRANGLEVKTSQNYESLFRMLDAGRFEVFPREVVVIDGELEDASRAGLHLAIDQHLALHYPAAFYFFVSRQRPELAEAIRQGLEKAIADGSFERLFERHFKTRLEKLALRQRRIIELKNPYLPRKTPFQREALWYRP,NZ_LN831024,TGA,GTG,260,paer,Pseudomonas aeruginosa,cds,CDS,AT700_RS17175,CDS,NZ_LN831024,1.0,3762735.0,3763640.0,00,transporter substrate-binding domain-containingprotein,False,False,False,WP_024928692.1,MAFLLIGLSEHRPLPLGQGSPLRWLALLFGLLAWHAGAGERVIYPRHSEGRNPEPYVVELLQLALARSGGDYRLEPSAQPMPQSRAQLRLEQDDPGLQVMWAQSRDDLEETLLPIRIPIYRGLIGWRIPLVSAANKDILASVRTLDDLRRLRFGQRQDWADTPILRANGLEVKTSQNYESLFRMLDAGRFEVFPREVVVIDGELEDASRAGLHLAIDQHLALHYPAAFYFFVSRQRPELAEAIRQGLEKAIADGSFERLFERHFKTRLEKLALRQRRIIELKNPYLPRKTPFQREALWYRP,False,TGA,ATG,301.0,AT700_RS17175,pyrodigal
NZ_LN831024.1_5234,5706794,5707021,1,1_5234,00,TTG,None,None,0.706,MLSDEQERLPGVGPQLSHEVVPGVLPYSLDAALKQRQPELLALGRHSRNALMQALLGNLAQRYLRQPSCDVLVTS,NZ_LN831024,TAG,TTG,75,paer,Pseudomonas aeruginosa,cds,CDS,AT700_RS30345,CDS,NZ_LN831024,1.0,5706731.0,5707021.0,00,universal stress protein,False,False,False,WP_171906221.1,MLGLPRQNAAHLATQAGLIEQLLSDEQERLPGVGPQLSHEVVPGVLPYSLDAALKQRQPELLALGRHSRNALMQALLGNLAQRYLRQPSCDVLVTS,False,TAG,GTG,96.0,AT700_RS30345,pyrodigal
NZ_CP033092.2_1346,1419986,1420045,1,1_1346,00,ATG,GGAG/GAGG,5-10bp,0.383,MIERELGNWKDFIEVMLRK,NZ_CP033092,TAA,ATG,19,ecol,Escherichia coli,cds,CDS,EAS44_RS07775,CDS,NZ_CP033092,1.0,1419986.0,1420045.0,00,protein YpfM,False,False,False,WP_001386977.1,MIERELGNWKDFIEVMLRK,False,TAA,ATG,19.0,EAS44_RS07775,pyrodigal
NZ_CP033092.2_1360,1438384,1438677,1,1_1360,00,ATG,GGAG/GAGG,5-10bp,0.578,MEALGMIETRGLVALIEASDAMVKAARVKLVGVKQIGGGLCTAMVRGDVAACKAATDAGAAAAQRIGELVSVHVIPRPHGDLEEVFPIGLKGDSSNL,NZ_CP033092,TAA,ATG,97,ecol,Escherichia coli,cds,CDS,EAS44_RS07845,CDS,NZ_CP033092,1.0,1438384.0,1438677.0,00,ethanolamine utilization microcompartmentprotein EutM,False,False,False,WP_000387713.1,MEALGMIETRGLVALIEASDAMVKAARVKLVGVKQIGGGLCTAMVRGDVAACKAATDAGAAAAQRIGELVSVHVIPRPHGDLEEVFPIGLKGDSSNL,False,TAA,ATG,97.0,EAS44_RS07845,pyrodigal
NZ_CP033092.2_1704,1792591,1792674,-1,1_1704,00,ATG,AGGA,5-10bp,0.357,MKIILWAVLIIFLIGLLVVTGVFKMIF,NZ_CP033092,TAA,ATG,27,ecol,Escherichia coli,cds,CDS,EAS44_RS25865,CDS,NZ_CP033092,-1.0,1792591.0,1792674.0,00,small membrane protein YohP,False,False,False,WP_000691708.1,MKIILWAVLIIFLIGLLVVTGVFKMIF,False,TAA,ATG,27.0,EAS44_RS25865,pyrodigal
NZ_CP033092.2_2003,2115488,2115574,1,1_2003,00,ATG,GGAG/GAGG,5-10bp,0.402,MKLRKILKSMFNNYCKTFKDVPPGNMFR,NZ_CP033092,TAA,ATG,28,ecol,Escherichia coli,cds,CDS,EAS44_RS11230,CDS,NZ_CP033092,1.0,2115488.0,2115574.0,00,stress response protein AzuC,False,False,False,WP_010723106.1,MKLRKILKSMFNNYCKTFKDVPPGNMFR,False,TAA,ATG,28.0,EAS44_RS11230,pyrodigal
NZ_CP033092.2_2689,2822919,2823092,1,1_2689,00,ATG,None,None,0.322,MSYFSFEIILIPVKNIIPIITVTLILNYLNNSERSLVKQILIEDEIIVCATYLIPDN,NZ_CP033092,TAA,ATG,57,ecol,Escherichia coli,cds,CDS,EAS44_RS14840,CDS,NZ_CP033092,1.0,2822919.0,2823092.0,00,hypothetical protein,False,False,False,WP_000120100.1,MSYFSFEIILIPVKNIIPIITVTLILNYLNNSERSLVKQILIEDEIIVCATYLIPDN,False,TAA,ATG,57.0,EAS44_RS14840,pyrodigal
NZ_CP033092.2_2884,2992978,2993187,-1,1_2884,00,ATG,None,None,0.367,MMLQLCATVLNVTCVASLKMNEMLINEIDMTGIKKITQTFSLRQLTFLKGATAKNVRECNLMKNSVAEH,NZ_CP033092,TAA,ATG,69,ecol,Escherichia coli,cds,CDS,EAS44_RS15850,CDS,NZ_CP033092,-1.0,2992978.0,2993187.0,00,hypothetical protein,False,False,False,WP_000979523.1,MMLQLCATVLNVTCVASLKMNEMLINEIDMTGIKKITQTFSLRQLTFLKGATAKNVRECNLMKNSVAEH,False,TAA,ATG,69.0,EAS44_RS15850,pyrodigal
NZ_CP033092.2_2936,3045255,3045773,1,1_2936,00,ATG,GGA/GAG/AGG,11-12bp,0.524,MVDKRESYTKEDLLASGRGELFGAKGPQLPAPNMLMMDRVVKMTETGGNFDKGYVEAELDINPDLWFFGCHFIGDPVMPGCLGLDAMWQLVGFYLGWLGGEGKGRALGVGEVKFTGQVLPTAKKVTYRIHFKRIVNRRLIMGLADGEVLVDGRLIYTANDLKVGLFQDTSAF,NZ_CP033092,TGA,ATG,172,ecol,Escherichia coli,cds,CDS,EAS44_RS16125,CDS,NZ_CP033092,1.0,3045255.0,3045773.0,00,bifunctional 3-hydroxydecanoyl-ACPdehydratase/trans-2-decenoyl-ACP isomerase,False,False,False,WP_000227926.1,MVDKRESYTKEDLLASGRGELFGAKGPQLPAPNMLMMDRVVKMTETGGNFDKGYVEAELDINPDLWFFGCHFIGDPVMPGCLGLDAMWQLVGFYLGWLGGEGKGRALGVGEVKFTGQVLPTAKKVTYRIHFKRIVNRRLIMGLADGEVLVDGRLIYTANDLKVGLFQDTSAF,False,TGA,ATG,172.0,EAS44_RS16125,pyrodigal
NZ_CP033092.2_3399,3563739,3564257,1,1_3399,00,TTG,None,None,0.566,MVRGGIKVTTASVASDGNLAITCSRGVKLLADAPLVEVADGEYDVIVLPGGIKGAECFRDSTLLVETVKQFHRSGRIVAAICAAPATVLVPHDIFPIGNMTGFPTLKDKIPAEQWQDKRVVWDARVKLLTSQGPGTAIDFGLKIIDLLVGREKAHEVASQLVMAAGIYNYYE,NZ_CP033092,TAG,TTG,172,ecol,Escherichia coli,cds,CDS,EAS44_RS18555,CDS,NZ_CP033092,1.0,3563667.0,3564257.0,00,protein deglycase YajL,False,False,False,WP_001276309.1,MSASALVCLAPGSEETEAVTTIDLLVRGGIKVTTASVASDGNLAITCSRGVKLLADAPLVEVADGEYDVIVLPGGIKGAECFRDSTLLVETVKQFHRSGRIVAAICAAPATVLVPHDIFPIGNMTGFPTLKDKIPAEQWQDKRVVWDARVKLLTSQGPGTAIDFGLKIIDLLVGREKAHEVASQLVMAAGIYNYYE,False,TAG,ATG,196.0,EAS44_RS18555,pyrodigal
NZ_CP033092.2_3569,3752003,3752962,1,1_3569,00,ATG,None,None,0.568,MEALYRRHGAPGQDISLRTEPAREIVRFSSDASISFPGTDLSALSRSQNGQYVLQTRFLGFSGSQSPLPGYYLDQMAQESAQNEDGLKEFLDLFSHRWTQFAYHAWRKYRYYICFRSGGTDTFSQRMYALVGLGNQSVRDRLAINHSKMLAYAGILATPGRAPEVICNLVSHCFDLPDVTIERWQLRKVAIDPAHQNRLGVRNPKGKTAGHIPGRSILGVNFTLGARVPDRSGKFLLQIGGLSRERYLSFLPDGENHLPLTMFLSFILRDQFAWDLRLCLAPQQAKGMRLSDPASSRLGRTSFIGQPKVPPAITIRIRE,NZ_CP033092,TAA,ATG,319,ecol,Escherichia coli,cds,CDS,EAS44_RS19450,CDS,NZ_CP033092,1.0,3751913.0,3752962.0,00,type VI secretion system baseplate subunit TssG,False,False,False,WP_000896714.1,MAGENGPARPDIATKPPLPADVRNCNFYVLMEALYRRHGAPGQDISLRTEPAREIVRFSSDASISFPGTDLSALSRSQNGQYVLQTRFLGFSGSQSPLPGYYLDQMAQESAQNEDGLKEFLDLFSHRWTQFAYHAWRKYRYYICFRSGGTDTFSQRMYALVGLGNQSVRDRLAINHSKMLAYAGILATPGRAPEVICNLVSHCFDLPDVTIERWQLRKVAIDPAHQNRLGVRNPKGKTAGHIPGRSILGVNFTLGARVPDRSGKFLLQIGGLSRERYLSFLPDGENHLPLTMFLSFILRDQFAWDLRLCLAPQQAKGMRLSDPASSRLGRTSFIGQPKVPPAITIRIRE,False,TAA,ATG,349.0,EAS44_RS19450,pyrodigal
NZ_CP033092.2_3902,4128864,4129769,1,1_3902,00,ATG,AGGA,5-10bp,0.526,MKKFSGIIPPVSSTFHRDGTLDKKAMREVADFLINKGVDGLFYLGTGGEFSQMNTAQRMALAEEAVTIVDGRVPVLIGVGSPSTDEAVKLAQHAQAYGADGIVAINPYYWKVAPRNLDDYYQQIARSVTLPVILYNFPDLTGQDLTPETVTRLALQNENIVGIKDTIDSVGHLRTMINTVKSVRPSFSVFCGYDDHLLNTMLLGGDGAITASANFAPELSVGIYRAWREGDLATAATLNKKLLQLPAIYALETPFVSLIKYSMQCVGLPVETYCLPPILEASEEAKDKVHVLLTAQGILPV,NZ_CP033092,TGA,ATG,301,ecol,Escherichia coli,cds,CDS,EAS44_RS21220,CDS,NZ_CP033092,1.0,4128864.0,4129769.0,00,dihydrodipicolinate synthase family protein,False,False,False,WP_000714563.1,MKKFSGIIPPVSSTFHRDGTLDKKAMREVADFLINKGVDGLFYLGTGGEFSQMNTAQRMALAEEAVTIVDGRVPVLIGVGSPSTDEAVKLAQHAQAYGADGIVAINPYYWKVAPRNLDDYYQQIARSVTLPVILYNFPDLTGQDLTPETVTRLALQNENIVGIKDTIDSVGHLRTMINTVKSVRPSFSVFCGYDDHLLNTMLLGGDGAITASANFAPELSVGIYRAWREGDLATAATLNKKLLQLPAIYALETPFVSLIKYSMQCVGLPVETYCLPPILEASEEAKDKVHVLLTAQGILPV,False,TGA,ATG,301.0,EAS44_RS21220,pyrodigal
NZ_CP033091.2_50,54503,54715,-1,2_50,00,ATG,GGAGG,5-10bp,0.624,MNGFRNSSRNGQVWRWQRAGSRAVILEVSGRWMEAAEAWRRAAGVAPRTDWQQFARKRAAHCHRRCRGRV,NZ_CP033091,TAA,ATG,70,ecol,Escherichia coli,cds,CDS,EAS44_RS00330,CDS,NZ_CP033091,-1.0,54503.0,54715.0,00,hypothetical protein,False,False,False,WP_001311693.1,MNGFRNSSRNGQVWRWQRAGSRAVILEVSGRWMEAAEAWRRAAGVAPRTDWQQFARKRAAHCHRRCRGRV,False,TAA,ATG,70.0,EAS44_RS00330,pyrodigal
NZ_CP033091.2_72,79235,79456,-1,2_72,00,GTG,GGAGG,5-10bp,0.446,MSDEADEAYSVTEQLTMTGINRIRQKINAHGIPVYLCEACGNPIPEARRKIFPGVTLCVECQAYQERQRKHYA,NZ_CP033091,TAA,GTG,73,ecol,Escherichia coli,cds,CDS,EAS44_RS00440,CDS,NZ_CP033091,-1.0,79235.0,79456.0,00,conjugal transfer protein TraR,False,False,False,WP_001278689.1,MSDEADEAYSVTEQLTMTGINRIRQKINAHGIPVYLCEACGNPIPEARRKIFPGVTLCVECQAYQERQRKHYA,False,TAA,GTG,73.0,EAS44_RS00440,pyrodigal
NC_000962.3_55,57410,57973,1,1_55,00,GTG,AGGA/GGAG/GAGG,11-12bp,0.66,MPSFDVVFVGHRRGEVRSDNAMLGLLCDAAFDELTRPDVVIFPGGIGTRTLIHDQTVLDWVREAHRHTLLTTSVCTGGLVLAAAGLLNGLTATTHWRVQDLFNSLGARYVPQRVVEHLPERVITAAGVSSGIDMGLRLVELLVSREAAEASQLMIEYDPQPPVDAGSLAKASPATHRLALEFYQHRL,NC_000962,TGA,GTG,187,mtub,Mycobacterium tuberculosis,cds,CDS,Rv0052,CDS,NC_000962,1.0,57410.0,57973.0,00,hypothetical protein,,,,NP_214566.3,MPSFDVVFVGHRRGEVRSDNAMLGLLCDAAFDELTRPDVVIFPGGIGTRTLIHDQTVLDWVREAHRHTLLTTSVCTGGLVLAAAGLLNGLTATTHWRVQDLFNSLGARYVPQRVVEHLPERVITAAGVSSGIDMGLRLVELLVSREAAEASQLMIEYDPQPPVDAGSLAKASPATHRLALEFYQHRL,False,TGA,GTG,187.0,Rv0052,pyrodigal
NC_000962.3_189,209190,209672,1,1_189,00,GTG,None,None,0.619,MAAALFVGSAAFAGATVEPYLSERAVVATKLMVARTAANAITTLWTYTPENMDTLADRAANYLSGDFAAQYRRFVDQIAAANKQAKITNDTEVTGAAVESLSGRDAVAIVYTNTTTTSPVTKNIPALKYLSYRLFMKRYDARWLVTRMTTITSLDLTPQV,NC_000962,TAG,GTG,160,mtub,Mycobacterium tuberculosis,cds,CDS,Rv0178,CDS,NC_000962,1.0,208938.0,209672.0,00,Mce associated membrane protein,False,False,False,NP_214692.1,MEDQQSASGDLTQKSVANGESTDTASAATEGHRGEIDAAGEPDERGAAVADSQADEDDSAATAARGGKTRARRSRGRRLAITVGVAAALFVGSAAFAGATVEPYLSERAVVATKLMVARTAANAITTLWTYTPENMDTLADRAANYLSGDFAAQYRRFVDQIAAANKQAKITNDTEVTGAAVESLSGRDAVAIVYTNTTTTSPVTKNIPALKYLSYRLFMKRYDARWLVTRMTTITSLDLTPQV,False,TAG,GTG,244.0,Rv0178,pyrodigal
NC_000962.3_349,398254,398628,1,1_349,00,ATG,None,None,0.64,MTTSEIATVLAWHDALNAADIETLVALSTDDIDIGDAHGAVQGHDALRGWASSLTTTAELGRMYVHHGVVVVEQKITSGEDPGIARTGAAAFRVVQDHVASVFRHEDLASALAATELTEDDLVD,NC_000962,TGA,ATG,124,mtub,Mycobacterium tuberculosis,cds,CDS,Rv0333,CDS,NC_000962,1.0,398254.0,398628.0,00,hypothetical protein,,,,NP_214847.1,MTTSEIATVLAWHDALNAADIETLVALSTDDIDIGDAHGAVQGHDALRGWASSLTTTAELGRMYVHHGVVVVEQKITSGEDPGIARTGAAAFRVVQDHVASVFRHEDLASALAATELTEDDLVD,False,TGA,ATG,124.0,Rv0333,pyrodigal
NC_000962.3_932,999472,1000767,1,1_932,00,GTG,GGA/GAG/AGG,5-10bp,0.624,MADTDDTATLRYPGGEIDLQIVHATEGADGIALGPLLAKTGHTTFDVGFANTAAAKSSITYIDGDAGILRYRGYPIDQLAEKSTFIEVCYLLIYGELPDTDQLAQFTGRIQRHTMLHEDLKRFFDGFPRNAHPMPVLSSVVNALSAYYQDALDPMDNGQVELSTIRLLAKLPTIAAYAYKKSVGQPFLYPDNSLTLVENFLRLTFGFPAEPYQADPEVVRALDMLFILHADHEQNCSTSTVRLVGSSRANLFTSISGGINALWGPLHGGANQAVLEMLEGIRDSGDDVSEFVRKVKNREAGVKLMGFGHRVYKNYDPRARIVKEQADKILAKLGGDDSLLGIAKELEEAALTDDYFIERKLYPNVDFYTGLIYRALGFPTRMFTVLFALGRLPGWIAHWREMHDEGDSKIGRPRQIYTGYTERDYVTIDAR,NC_000962,TAG,GTG,431,mtub,Mycobacterium tuberculosis,cds,CDS,Rv0896,CDS,NC_000962,1.0,999472.0,1000767.0,00,citrate synthase 1,,,,NP_215411.1,MADTDDTATLRYPGGEIDLQIVHATEGADGIALGPLLAKTGHTTFDVGFANTAAAKSSITYIDGDAGILRYRGYPIDQLAEKSTFIEVCYLLIYGELPDTDQLAQFTGRIQRHTMLHEDLKRFFDGFPRNAHPMPVLSSVVNALSAYYQDALDPMDNGQVELSTIRLLAKLPTIAAYAYKKSVGQPFLYPDNSLTLVENFLRLTFGFPAEPYQADPEVVRALDMLFILHADHEQNCSTSTVRLVGSSRANLFTSISGGINALWGPLHGGANQAVLEMLEGIRDSGDDVSEFVRKVKNREAGVKLMGFGHRVYKNYDPRARIVKEQADKILAKLGGDDSLLGIAKELEEAALTDDYFIERKLYPNVDFYTGLIYRALGFPTRMFTVLFALGRLPGWIAHWREMHDEGDSKIGRPRQIYTGYTERDYVTIDAR,False,TAG,GTG,431.0,Rv0896,pyrodigal
NC_000962.3_1498,1612256,1612393,1,1_1498,00,ATG,AGGA,5-10bp,0.739,MRASPAERVDGAYAGAGPHTQSVLEEDQRQRAPAGAEAEGPGRTG,NC_000962,TGA,ATG,45,mtub,Mycobacterium tuberculosis,cds,CDS,Rv1434,CDS,NC_000962,1.0,1612256.0,1612393.0,00,hypothetical protein,,,,NP_215950.1,MRASPAERVDGAYAGAGPHTQSVLEEDQRQRAPAGAEAEGPGRTG,False,TGA,ATG,45.0,Rv1434,pyrodigal
NC_000962.3_1499,1612342,1612941,-1,1_1499,00,ATG,AGGAG/GGAGG,11-12bp,0.687,MAIVNRFNIKVIAGAGLFAAAIALSPDAAADPLMTGGYACIQGMAGDAPVAAGDPVAAGGPAAAGACSAALTDMAGVPFVAPGPVPAAAPVPIGAPVPIPGAPVPIPGAPVPIPGGPVPIPGAPVPVPAVPAPVIPVGTPLIALGPVLAGAPGDGVVSAPIIGMSGVKDALTDPAPAGGPVPGQPVLPGPSASAPAGAR,NC_000962,TGA,ATG,199,mtub,Mycobacterium tuberculosis,cds,CDS,Rv1434,CDS,NC_000962,1.0,1612256.0,1612393.0,00,hypothetical protein,,,,NP_215950.1,MRASPAERVDGAYAGAGPHTQSVLEEDQRQRAPAGAEAEGPGRTG,False,TGA,ATG,45.0,Rv1434,pyrodigal
NC_000962.3_1744,1896475,1896867,1,1_1744,00,ATG,None,None,0.621,MPTVGPADHAAGLDRRATPDQLPIWRIGIISGLVGMLCCVGPTILALVGIISAATAFAWANDLYDNYAWWFRVSGLAVLAILVWWALRHRNRCSVNAIRRLRWRLMAVLAIAVGTYGVLSAVTTWFGTFV,NC_000962,TAG,ATG,130,mtub,Mycobacterium tuberculosis,cds,CDS,Rv1671,CDS,NC_000962,1.0,1896475.0,1896867.0,00,membrane protein,,,,NP_216187.1,MPTVGPADHAAGLDRRATPDQLPIWRIGIISGLVGMLCCVGPTILALVGIISAATAFAWANDLYDNYAWWFRVSGLAVLAILVWWALRHRNRCSVNAIRRLRWRLMAVLAIAVGTYGVLSAVTTWFGTFV,False,TAG,ATG,130.0,Rv1671,pyrodigal
NC_000962.3_3215,3459116,3460807,1,1_3215,00,ATG,None,None,0.694,MPIPFADGMLSRLGRRGAALDLIEEFEDESGEPPASLSPADLLAAEPALLLQKMENRLVRHHLANPDVLSGEQLRKLRYILNFARLADFEPGAAGPGGSRGRGDISVGGQVAPWRSRVVDALYAPLREEPDPVTALEGAKDVLATLVDDQDDQRRVLIERHGSDFSATELDAEVGYKKLVTVLGGGGGAGFVYIGGMQRLLAAGQVPDYMIGSSFGSIIGSLVARELPVPIDEYAEWAKTVSYRAILGPERRRSRHGLAGMFTLRFDQFAHTLLSRADGERMRMSDLAIPFDVVVAGVRRQPYAALPSRFRHRERSTLTLRSLPFLPIGIGPWVAARMWQVAAFIDLRVVKPIVISADGATRDVNVVDAASFSSAIPGVLHHETSDPRMLPILDELCADQDVAAMVDGGAASNVPVELAWERVRDGRLGTRNACYLAFDCFHPHWDPRHLWLVPITQAVQLQMVRNLPYADHLVRFEPTLSPVNLAPSAAAIDRACRWGRDSVEPAIAVTSALLEPTWWEGDRPPAAEPKERTKSAASSMSAVMAAIQAPTGRFRRWRSRHLT,NC_000962,TAG,ATG,563,mtub,Mycobacterium tuberculosis,cds,CDS,Rv3091,CDS,NC_000962,1.0,3459116.0,3460807.0,00,hypothetical protein,,,,NP_217607.1,MPIPFADGMLSRLGRRGAALDLIEEFEDESGEPPASLSPADLLAAEPALLLQKMENRLVRHHLANPDVLSGEQLRKLRYILNFARLADFEPGAAGPGGSRGRGDISVGGQVAPWRSRVVDALYAPLREEPDPVTALEGAKDVLATLVDDQDDQRRVLIERHGSDFSATELDAEVGYKKLVTVLGGGGGAGFVYIGGMQRLLAAGQVPDYMIGSSFGSIIGSLVARELPVPIDEYAEWAKTVSYRAILGPERRRSRHGLAGMFTLRFDQFAHTLLSRADGERMRMSDLAIPFDVVVAGVRRQPYAALPSRFRHRERSTLTLRSLPFLPIGIGPWVAARMWQVAAFIDLRVVKPIVISADGATRDVNVVDAASFSSAIPGVLHHETSDPRMLPILDELCADQDVAAMVDGGAASNVPVELAWERVRDGRLGTRNACYLAFDCFHPHWDPRHLWLVPITQAVQLQMVRNLPYADHLVRFEPTLSPVNLAPSAAAIDRACRWGRDSVEPAIAVTSALLEPTWWEGDRPPAAEPKERTKSAASSMSAVMAAIQAPTGRFRRWRSRHLT,False,TAG,ATG,563.0,Rv3091,pyrodigal
NC_000962.3_3304,3546438,3546797,1,1_3304,00,TTG,GGA/GAG/AGG,11-12bp,0.625,MRLGAGFRKPVPTLLLEHRSRKSGKNFVAPLLYITDRNNVIVVASALGQAENPQWYRNLPPNPDTHIQIGSDRRPVRAVVASSDERARLWPRPVDAYADFDSCQSWTERGIPVIILRPR,NC_000962,TAA,TTG,119,mtub,Mycobacterium tuberculosis,cds,CDS,Rv3178,CDS,NC_000962,1.0,3546438.0,3546797.0,00,nitroreductase,False,False,False,NP_217694.1,MRLGAGFRKPVPTLLLEHRSRKSGKNFVAPLLYITDRNNVIVVASALGQAENPQWYRNLPPNPDTHIQIGSDRRPVRAVVASSDERARLWPRPVDAYADFDSCQSWTERGIPVIILRPR,False,TAA,TTG,119.0,Rv3178,pyrodigal
NC_000964.3_229,246154,246492,1,1_229,00,ATG,None,None,0.451,MSILFLCGCSSQTHSSQKETTIPVTLHVEDAKGLPVEGVQVTIVKAPSSDEEPSTEIGEILGKTDKNGDIKWDTGRKGDYSVALTKGETSVTHHISLTEDKKDHAIPLVFKE,NC_000964,TAG,ATG,112,bsub,Bacillus subtilis,cds,CDS,BSU_02250,CDS,NC_000964,1.0,246094.0,246492.0,00,putative lipoprotein,False,False,False,NP_388107.1,MYSTIFNIGQINKYSKLAIFMSILFLCGCSSQTHSSQKETTIPVTLHVEDAKGLPVEGVQVTIVKAPSSDEEPSTEIGEILGKTDKNGDIKWDTGRKGDYSVALTKGETSVTHHISLTEDKKDHAIPLVFKE,False,TAG,ATG,132.0,BSU_02250,pyrodigal
NC_000964.3_387,430185,430274,-1,1_387,00,ATG,AGGAGG,5-10bp,0.378,MSGYGTSFALIVVLFILLIIVGTAFVGGY,NC_000964,TAA,ATG,29,bsub,Bacillus subtilis,cds,CDS,BSU_03788,CDS,NC_000964,-1.0,430185.0,430274.0,00,putative type I toxin,False,False,False,YP_003097676.1,MSGYGTSFALIVVLFILLIIVGTAFVGGY,False,TAA,ATG,29.0,BSU_03788,pyrodigal
NC_000964.3_494,527912,528025,-1,1_494,00,ATG,AGGAGG,5-10bp,0.325,MPNWLKKQMQKAFLEKDNYQIKLLNQCWYFYRKKHCS,NC_000964,TAA,ATG,37,bsub,Bacillus subtilis,cds,CDS,BSU_04785,CDS,NC_000964,-1.0,527912.0,528025.0,00,factor allowing degradation of SpoIVA by ClpXP,False,False,False,YP_009513946.1,MPNWLKKQMQKAFLEKDNYQIKLLNQCWYFYRKKHCS,False,TAA,ATG,37.0,BSU_04785,pyrodigal
NC_000964.3_1025,1071402,1071488,1,1_1025,00,ATG,AGGAGG,5-10bp,0.437,MSGGYSNGFALLVVLFILLIIVGAAYIY,NC_000964,TAA,ATG,28,bsub,Bacillus subtilis,cds,CDS,BSU_09958,CDS,NC_000964,1.0,1071402.0,1071488.0,00,spore assembly and germination protein,False,False,False,YP_003097699.1,MSGGYSNGFALLVVLFILLIIVGAAYIY,False,TAA,ATG,28.0,BSU_09958,pyrodigal
NC_000964.3_1026,1071613,1071699,1,1_1026,00,ATG,AGGAGG,11-12bp,0.379,MGEVFAGGFALLVVLFILLIIIGASWLY,NC_000964,TAA,ATG,28,bsub,Bacillus subtilis,cds,CDS,BSU_09959,CDS,NC_000964,1.0,1071613.0,1071699.0,00,spore and germination protein,False,False,False,YP_009513948.1,MGEVFAGGFALLVVLFILLIIIGASWLY,False,TAA,ATG,28.0,BSU_09959,pyrodigal
NC_000964.3_1031,1074381,1074572,1,1_1031,00,TTG,AGGAGG,5-10bp,0.448,MSVFLIVLSCITLAFASGAVYYIKLLSQAASYPPKRVIRQKALVCSTGTAFTLCLIFFTKLLA,NC_000964,TAA,TTG,63,bsub,Bacillus subtilis,cds,CDS,BSU_10009,CDS,NC_000964,1.0,1074381.0,1074572.0,00,membrane protein of unknown function,False,False,False,YP_003097700.1,MSVFLIVLSCITLAFASGAVYYIKLLSQAASYPPKRVIRQKALVCSTGTAFTLCLIFFTKLLA,False,TAA,TTG,63.0,BSU_10009,pyrodigal
NC_000964.3_2080,2154596,2154673,-1,1_2080,00,ATG,AGGAGG,5-10bp,0.269,MENVMSWFNIDFEIKSDNNIDKTLL,NC_000964,TGA,ATG,25,bsub,Bacillus subtilis,cds,CDS,BSU_19900,CDS,NC_000964,-1.0,2154596.0,2154673.0,00,hypothetical protein; phage SPbeta,False,False,False,NP_389871.1,MENVMSWFNIDFEIKSDNNIDKTLL,False,TGA,ATG,25.0,BSU_19900,pyrodigal
NC_000964.3_2258,2282505,2282639,-1,1_2258,00,GTG,GGAG/GAGG,5-10bp,0.348,MGGLLSEKAKQVDTKNKLEKFPSKLNDLTVNFKPKEPDSFKKCY,NC_000964,TAA,GTG,44,bsub,Bacillus subtilis,cds,CDS,BSU_21638,CDS,NC_000964,-1.0,2282505.0,2282639.0,00,hypothetical protein; phage SPbeta,False,False,False,YP_009513971.1,MGGLLSEKAKQVDTKNKLEKFPSKLNDLTVNFKPKEPDSFKKCY,False,TAA,GTG,44.0,BSU_21638,pyrodigal
NC_000964.3_2895,2841307,2841447,1,1_2895,00,ATG,GGAG/GAGG,5-10bp,0.326,MNKMNGTNDEKHFNHFVIALSFIYGLTELGYLLLKDFITIAISLPL,NC_000964,TAG,ATG,46,bsub,Bacillus subtilis,cds,CDS,BSU_27809,CDS,NC_000964,1.0,2841307.0,2841447.0,00,hypothetical protein,False,False,False,YP_003097769.1,MNKMNGTNDEKHFNHFVIALSFIYGLTELGYLLLKDFITIAISLPL,False,TAG,ATG,46.0,BSU_27809,pyrodigal
NZ_JADCNP010000001.1_159,165488,165715,1,101_159,00,ATG,None,None,0.211,MKLLTSKDMKIFKVLIDDKNMNISEAIKIIMIEVYFLSYKDRAIIRRLNRIITSKNNKDFVIEMKRIKLINSLKS,NZ_JADCNP010000001,TAA,ATG,75,afis,Aliivibrio fischeri,cds,CDS,IM820_RS00785,CDS,NZ_JADCNP010000001,1.0,165488.0,165715.0,00,hypothetical protein,False,False,False,WP_199414876.1,MKLLTSKDMKIFKVLIDDKNMNISEAIKIIMIEVYFLSYKDRAIIRRLNRIITSKNNKDFVIEMKRIKLINSLKS,False,TAA,ATG,75.0,IM820_RS00785,pyrodigal
NZ_JADCNP010000024.1_29,31225,31401,1,106_29,00,ATG,None,None,0.373,MELIGGKIAEQHGTDALVYAISYSIEETLEMLGIATLIYTATTYISEQFPTLSIQIKD,NZ_JADCNP010000024,TAG,ATG,58,afis,Aliivibrio fischeri,cds,CDS,IM820_RS19805,CDS,NZ_JADCNP010000024,1.0,31225.0,31401.0,00,hypothetical protein,False,False,False,WP_236782090.1,MELIGGKIAEQHGTDALVYAISYSIEETLEMLGIATLIYTATTYISEQFPTLSIQIKD,False,TAG,ATG,58.0,IM820_RS19805,pyrodigal
NZ_JADCNP010000003.1_11,10628,10798,-1,123_11,00,ATG,GGA/GAG/AGG,11-12bp,0.386,MFNLEGYCDWCRKPAMVLQHQYCDGAKYYACEHCNDYAKIDIRQYDLAEMEKMNQK,NZ_JADCNP010000003,TAA,ATG,56,afis,Aliivibrio fischeri,cds,CDS,IM820_RS02335,CDS,NZ_JADCNP010000003,-1.0,10628.0,10798.0,00,hypothetical protein,False,False,False,WP_011262064.1,MFNLEGYCDWCRKPAMVLQHQYCDGAKYYACEHCNDYAKIDIRQYDLAEMEKMNQK,False,TAA,ATG,56.0,IM820_RS02335,pyrodigal
